FinalAssembly_bactGenome_correctedΩLimnothrix_sp_HT2024_chromosome_1634	UniRef100_D8MZH2~K15679	30.6	2491	1222	64	5	2373	51	2159	1.06e-245	818
FinalAssembly_bactGenome_correctedΩLimnothrix_sp_HT2024_chromosome_884	UniRef100_Q8YQX0~K00870	45.6	2110	996	24	14	2083	15	2013	0.0	1661
FinalAssembly_bactGenome_correctedΩLimnothrix_sp_HT2024_chromosome_883	UniRef100_Q8YQX0~K00870	43.1	2102	1045	23	15	2069	16	2013	0.0	1565
FinalAssembly_bactGenome_correctedΩLimnothrix_sp_HT2024_chromosome_885	UniRef100_Q8YQX0~K00870	49.4	2012	906	17	14	1926	15	2013	0.0	1797
FinalAssembly_bactGenome_correctedΩLimnothrix_sp_HT2024_chromosome_1805	UniRef100_Q8YQX0~K00870	45.2	2026	863	13	22	1821	10	2013	0.0	1602
FinalAssembly_bactGenome_correctedΩLimnothrix_sp_HT2024_chromosome_2977	UniRef100_A0A0X8WQN1~K06596&K02487	41.8	1918	842	49	1	1821	2	1742	0.0	1046
FinalAssembly_bactGenome_correctedΩLimnothrix_sp_HT2024_chromosome_124	UniRef100_Q8YQX0~K00870	44.5	2026	863	17	15	1807	16	2013	0.0	1515
FinalAssembly_bactGenome_correctedΩLimnothrix_sp_HT2024_chromosome_2960	UniRef100_Q8YQX0~K00870	45.2	2019	857	14	15	1805	16	2013	0.0	1617
FinalAssembly_bactGenome_correctedΩLimnothrix_sp_HT2024_chromosome_996	UniRef100_Q8YQX0~K00870	45.7	2027	833	20	15	1801	15	2013	0.0	1598
FinalAssembly_bactGenome_correctedΩLimnothrix_sp_HT2024_chromosome_2005	UniRef100_A0A1W5CB30~K10819	42.7	1830	974	17	7	1797	12	1806	0.0	1345
FinalAssembly_bactGenome_correctedΩLimnothrix_sp_HT2024_chromosome_256	UniRef100_K9X9F0~K09800	31.6	1830	1008	44	48	1756	36	1742	8.33e-247	775
FinalAssembly_bactGenome_correctedΩLimnothrix_sp_HT2024_chromosome_2825	UniRef100_K9SAT4~K00284	69.6	1568	442	8	11	1571	18	1557	0.0	2168
FinalAssembly_bactGenome_correctedΩLimnothrix_sp_HT2024_chromosome_579	UniRef100_K9RQJ8~K00524	68.6	1473	451	7	1	1468	1	1466	0.0	2105
FinalAssembly_bactGenome_correctedΩLimnothrix_sp_HT2024_chromosome_1791	UniRef100_K9S9U5~K03046	73.6	1290	322	10	2	1283	7	1285	0.0	1811
FinalAssembly_bactGenome_correctedΩLimnothrix_sp_HT2024_chromosome_97	UniRef100_B7K8B9~K03403	79.7	1338	267	3	1	1338	1	1333	0.0	2169
FinalAssembly_bactGenome_correctedΩLimnothrix_sp_HT2024_chromosome_1394	UniRef100_A0A1Z3HUT0~K02230	60.5	1325	444	15	1	1300	1	1271	0.0	1550
FinalAssembly_bactGenome_correctedΩLimnothrix_sp_HT2024_chromosome_3648	UniRef100_K9QR35~K03403	71.1	1290	318	6	1	1287	1	1238	0.0	1838
FinalAssembly_bactGenome_correctedΩLimnothrix_sp_HT2024_chromosome_441	UniRef100_K9TEL4~K01469	62.8	1229	428	8	2	1222	7	1214	0.0	1493
FinalAssembly_bactGenome_correctedΩLimnothrix_sp_HT2024_chromosome_548	UniRef100_A0A0T7BM74~K03529	54.5	1239	510	10	1	1211	2	1214	0.0	952
FinalAssembly_bactGenome_correctedΩLimnothrix_sp_HT2024_chromosome_1217	UniRef100_K9TT90~K03737	69.3	1189	365	0	8	1196	8	1196	0.0	1699
FinalAssembly_bactGenome_correctedΩLimnothrix_sp_HT2024_chromosome_2280	UniRef100_K9TY09~K00548	78.2	1202	238	4	1	1202	1	1178	0.0	1887
FinalAssembly_bactGenome_correctedΩLimnothrix_sp_HT2024_chromosome_819	UniRef100_B8HYJ0~K02337	71.6	1185	312	6	1	1185	1	1160	0.0	1694
FinalAssembly_bactGenome_correctedΩLimnothrix_sp_HT2024_chromosome_2624	UniRef100_A0A0S3TRU6~K16898	40.7	1171	582	25	2	1168	3	1065	9.07e-238	714
FinalAssembly_bactGenome_correctedΩLimnothrix_sp_HT2024_chromosome_841	UniRef100_A0A0S3PJW3~K11525	46.8	1078	528	6	103	1176	64	1100	0.0	926
FinalAssembly_bactGenome_correctedΩLimnothrix_sp_HT2024_chromosome_2135	UniRef100_K9SA68~K03723	73.1	1177	289	5	1	1168	1	1158	0.0	1674
FinalAssembly_bactGenome_correctedΩLimnothrix_sp_HT2024_chromosome_1645	UniRef100_A0A1W5CNG9~K01768	61.0	1163	412	10	3	1141	7	1152	0.0	1319
FinalAssembly_bactGenome_correctedΩLimnothrix_sp_HT2024_chromosome_1578	UniRef100_K9SA38~K01191	47.8	1124	486	19	6	1113	11	1049	0.0	981
FinalAssembly_bactGenome_correctedΩLimnothrix_sp_HT2024_chromosome_3463	UniRef100_A4XDQ0~K08282	39.7	1140	561	31	1	1104	1	1050	4.06e-217	657
FinalAssembly_bactGenome_correctedΩLimnothrix_sp_HT2024_chromosome_2724	UniRef100_K9S5S9~K07190	64.2	1075	362	4	9	1080	7	1061	0.0	1361
FinalAssembly_bactGenome_correctedΩLimnothrix_sp_HT2024_chromosome_1789	UniRef100_K9TS67~K03043	88.2	1089	128	1	11	1099	11	1098	0.0	1937
FinalAssembly_bactGenome_correctedΩLimnothrix_sp_HT2024_chromosome_170	UniRef100_A0A110AUZ6~K01955	80.9	1101	206	3	1	1099	1	1099	0.0	1738
FinalAssembly_bactGenome_correctedΩLimnothrix_sp_HT2024_chromosome_1487	UniRef100_Q8DJR3~K03296	60.3	1038	397	4	9	1043	6	1031	0.0	1127
FinalAssembly_bactGenome_correctedΩLimnothrix_sp_HT2024_chromosome_807	UniRef100_A0A0S3TI81~K01873	62.8	1081	317	12	1	1078	1	999	0.0	1325
FinalAssembly_bactGenome_correctedΩLimnothrix_sp_HT2024_chromosome_1162	UniRef100_A0A193LE92~K01153	66.6	1064	319	6	1	1055	1	1037	0.0	1434
FinalAssembly_bactGenome_correctedΩLimnothrix_sp_HT2024_chromosome_1305	UniRef100_K9TN05~K03546	41.0	1061	569	7	1	1050	1	1015	9.63e-220	660
FinalAssembly_bactGenome_correctedΩLimnothrix_sp_HT2024_chromosome_1403	UniRef100_K9VY19~K02519	55.3	1104	364	17	1	1050	1	1028	0.0	976
FinalAssembly_bactGenome_correctedΩLimnothrix_sp_HT2024_chromosome_244	UniRef100_A0A0X8WQJ6~K01595	69.5	1040	307	5	1	1039	1	1031	0.0	1427
FinalAssembly_bactGenome_correctedΩLimnothrix_sp_HT2024_chromosome_1227	UniRef100_D9QMI3~K03296	42.5	1053	561	5	1	1013	1	1048	1.36e-255	754
FinalAssembly_bactGenome_correctedΩLimnothrix_sp_HT2024_chromosome_2421	UniRef100_K9VBX4~K06147	57.2	1019	414	7	2	1019	3	1000	0.0	1078
FinalAssembly_bactGenome_correctedΩLimnothrix_sp_HT2024_chromosome_840	UniRef100_K9T6S6~K11526	37.6	1137	564	17	2	1017	3	1115	1.87e-181	563
FinalAssembly_bactGenome_correctedΩLimnothrix_sp_HT2024_chromosome_2070	UniRef100_A0A0S3TWL0~K09118	46.0	985	461	15	30	1001	13	939	9.25e-295	850
FinalAssembly_bactGenome_correctedΩLimnothrix_sp_HT2024_chromosome_3633	UniRef100_K9TD75~K07037	47.8	836	358	5	163	994	82	843	2.20e-232	686
FinalAssembly_bactGenome_correctedΩLimnothrix_sp_HT2024_chromosome_525	UniRef100_K9WJS9~K01007	50.7	1028	433	17	1	1006	1	976	0.0	913
FinalAssembly_bactGenome_correctedΩLimnothrix_sp_HT2024_chromosome_3441	UniRef100_K9SDT0~K03701	78.0	981	196	3	24	997	31	998	0.0	1551
FinalAssembly_bactGenome_correctedΩLimnothrix_sp_HT2024_chromosome_369	UniRef100_A0A0X8WVS4~K13821	73.0	989	257	3	23	1002	10	997	0.0	1421
FinalAssembly_bactGenome_correctedΩLimnothrix_sp_HT2024_chromosome_122	UniRef100_K9T7D9~K03695	68.3	901	259	5	1	889	1	886	0.0	1155
FinalAssembly_bactGenome_correctedΩLimnothrix_sp_HT2024_chromosome_119	UniRef100_K9QM32~K01537	63.2	979	299	14	22	984	13	946	0.0	1142
FinalAssembly_bactGenome_correctedΩLimnothrix_sp_HT2024_chromosome_2550	UniRef100_A0A0X8WTI8~K02335	62.8	980	346	8	7	981	3	968	0.0	1170
FinalAssembly_bactGenome_correctedΩLimnothrix_sp_HT2024_chromosome_746	UniRef100_K9U8H8~K00281	66.5	975	291	6	24	972	24	988	0.0	1290
FinalAssembly_bactGenome_correctedΩLimnothrix_sp_HT2024_chromosome_474	UniRef100_K9SB24~K01870	72.6	960	251	4	13	967	7	959	0.0	1451
FinalAssembly_bactGenome_correctedΩLimnothrix_sp_HT2024_chromosome_3325	UniRef100_A0A0X8WTF6~K01768	63.6	893	264	12	54	938	75	914	0.0	1066
FinalAssembly_bactGenome_correctedΩLimnothrix_sp_HT2024_chromosome_931	UniRef100_K9RKR8~K19694	35.6	881	485	17	4	839	12	855	1.87e-149	475
FinalAssembly_bactGenome_correctedΩLimnothrix_sp_HT2024_chromosome_3124	UniRef100_A0A1Y0RJ60~K03695	79.3	865	179	0	65	929	1	865	0.0	1348
FinalAssembly_bactGenome_correctedΩLimnothrix_sp_HT2024_chromosome_1155	UniRef100_K9WBY5~K00974	58.0	959	337	16	1	933	1	919	0.0	958
FinalAssembly_bactGenome_correctedΩLimnothrix_sp_HT2024_chromosome_1985	UniRef100_A0A1W5CB01~K09181	66.5	923	277	5	15	935	22	914	0.0	1186
FinalAssembly_bactGenome_correctedΩLimnothrix_sp_HT2024_chromosome_309	UniRef100_K9SAX6~K03070	79.6	928	181	2	1	927	1	921	0.0	1459
FinalAssembly_bactGenome_correctedΩLimnothrix_sp_HT2024_chromosome_2545	UniRef100_K9S9R9~K03555	68.0	916	240	4	14	929	29	891	0.0	1180
FinalAssembly_bactGenome_correctedΩLimnothrix_sp_HT2024_chromosome_129	UniRef100_K9S7I5~K08303	63.5	912	241	9	22	923	11	840	0.0	1096
FinalAssembly_bactGenome_correctedΩLimnothrix_sp_HT2024_chromosome_3652	UniRef100_K9S7F9~K03168	74.4	857	212	5	1	853	1	854	0.0	1261
FinalAssembly_bactGenome_correctedΩLimnothrix_sp_HT2024_chromosome_1171	UniRef100_A0A0S3UBL5~K03802	73.9	875	220	3	1	874	1	868	0.0	1300
FinalAssembly_bactGenome_correctedΩLimnothrix_sp_HT2024_chromosome_1201	UniRef100_K9VFL6~K02096	72.0	931	228	8	1	905	1	924	0.0	1290
FinalAssembly_bactGenome_correctedΩLimnothrix_sp_HT2024_chromosome_1669	UniRef100_K9U1Q1~K03281	51.3	897	400	14	20	900	6	881	1.01e-276	796
FinalAssembly_bactGenome_correctedΩLimnothrix_sp_HT2024_chromosome_632	UniRef100_W5Y8G4~K03727	34.6	938	509	24	27	898	15	914	8.11e-127	410
FinalAssembly_bactGenome_correctedΩLimnothrix_sp_HT2024_chromosome_3408	UniRef100_Q8YYK7~K06921	44.3	876	395	13	18	879	14	810	2.38e-121	393
FinalAssembly_bactGenome_correctedΩLimnothrix_sp_HT2024_chromosome_521	UniRef100_A0A0S3TRK1~K07456	59.5	884	292	9	16	891	2	827	0.0	937
FinalAssembly_bactGenome_correctedΩLimnothrix_sp_HT2024_chromosome_979	UniRef100_K9S6I4~K01256	61.3	869	317	4	19	880	13	869	0.0	1075
FinalAssembly_bactGenome_correctedΩLimnothrix_sp_HT2024_chromosome_1033	UniRef100_K9S732~K01872	77.2	872	194	3	7	877	5	872	0.0	1304
FinalAssembly_bactGenome_correctedΩLimnothrix_sp_HT2024_chromosome_1886	UniRef100_E0U6F2~K04072	77.0	864	199	0	1	864	1	864	0.0	1365
FinalAssembly_bactGenome_correctedΩLimnothrix_sp_HT2024_chromosome_1945	UniRef100_K9WF61~K02014	78.0	917	144	3	11	875	2	912	0.0	1400
FinalAssembly_bactGenome_correctedΩLimnothrix_sp_HT2024_chromosome_1417	UniRef100_K9XAV0~K02469	75.2	852	207	3	1	849	1	851	0.0	1254
FinalAssembly_bactGenome_correctedΩLimnothrix_sp_HT2024_chromosome_1700	UniRef100_K9S752~K01682	81.4	857	159	0	1	857	1	857	0.0	1407
FinalAssembly_bactGenome_correctedΩLimnothrix_sp_HT2024_chromosome_2799	UniRef100_K9S4H7~K01869	75.5	874	192	5	1	862	1	864	0.0	1352
FinalAssembly_bactGenome_correctedΩLimnothrix_sp_HT2024_chromosome_791	UniRef100_K9WIH7~K00688	67.8	859	272	3	3	858	2	858	0.0	1224
FinalAssembly_bactGenome_correctedΩLimnothrix_sp_HT2024_chromosome_1569	UniRef100_K9W871~K17108	66.3	838	252	6	22	852	5	819	0.0	1184
FinalAssembly_bactGenome_correctedΩLimnothrix_sp_HT2024_chromosome_2314	UniRef100_K9QRP7~K11085	43.9	748	399	8	20	766	17	744	4.60e-190	568
FinalAssembly_bactGenome_correctedΩLimnothrix_sp_HT2024_chromosome_142	UniRef100_K9TKQ9~K16881	73.6	838	219	2	1	837	1	837	0.0	1185
FinalAssembly_bactGenome_correctedΩLimnothrix_sp_HT2024_chromosome_733	UniRef100_K9TIL2~K03407	43.9	868	453	8	3	843	1	861	1.17e-200	599
FinalAssembly_bactGenome_correctedΩLimnothrix_sp_HT2024_chromosome_1937	UniRef100_P72599~K02014	52.6	810	365	9	45	841	60	863	1.18e-292	834
FinalAssembly_bactGenome_correctedΩLimnothrix_sp_HT2024_chromosome_3623	UniRef100_D7E469~K01768	55.4	857	356	9	1	835	1	853	1.87e-310	879
FinalAssembly_bactGenome_correctedΩLimnothrix_sp_HT2024_chromosome_1938	UniRef100_P72599~K02014	52.0	810	369	8	45	840	60	863	8.67e-295	839
FinalAssembly_bactGenome_correctedΩLimnothrix_sp_HT2024_chromosome_1420	UniRef100_Q10YH7~K12952	55.7	833	347	7	10	834	13	831	1.09e-299	850
FinalAssembly_bactGenome_correctedΩLimnothrix_sp_HT2024_chromosome_1994	UniRef100_K9S7H9~K02469	56.6	846	338	9	1	834	1	829	5.43e-305	864
FinalAssembly_bactGenome_correctedΩLimnothrix_sp_HT2024_chromosome_2957	UniRef100_K9WM21~K03696	89.7	829	78	2	1	829	1	822	0.0	1422
FinalAssembly_bactGenome_correctedΩLimnothrix_sp_HT2024_chromosome_2143	UniRef100_K9U010~K03696	60.8	813	314	3	1	810	1	811	0.0	956
FinalAssembly_bactGenome_correctedΩLimnothrix_sp_HT2024_chromosome_2092	UniRef100_K9QHE5~K02014	61.8	836	277	10	25	829	54	878	0.0	984
FinalAssembly_bactGenome_correctedΩLimnothrix_sp_HT2024_chromosome_1690	UniRef100_A0A0S3TU80~K01890	63.4	829	284	6	1	828	1	811	0.0	1034
FinalAssembly_bactGenome_correctedΩLimnothrix_sp_HT2024_chromosome_3181	UniRef100_K9WLE5~K03655	68.6	828	257	2	3	827	4	831	0.0	1086
FinalAssembly_bactGenome_correctedΩLimnothrix_sp_HT2024_chromosome_3295	UniRef100_K9TH58~K07114	57.6	785	304	6	56	823	39	811	1.97e-291	828
FinalAssembly_bactGenome_correctedΩLimnothrix_sp_HT2024_chromosome_1740	UniRef100_A0A110AUN8~K00700	79.3	758	156	1	57	814	1	757	0.0	1340
FinalAssembly_bactGenome_correctedΩLimnothrix_sp_HT2024_chromosome_1697	UniRef100_K9XC99~K04066	60.5	810	298	7	24	822	25	823	0.0	952
FinalAssembly_bactGenome_correctedΩLimnothrix_sp_HT2024_chromosome_2204	UniRef100_K9S6B5~K01007	72.4	816	220	2	1	816	1	811	0.0	1201
FinalAssembly_bactGenome_correctedΩLimnothrix_sp_HT2024_chromosome_2538	UniRef100_K9RYM9~K11356	36.2	691	366	17	129	787	92	739	1.16e-102	340
FinalAssembly_bactGenome_correctedΩLimnothrix_sp_HT2024_chromosome_2157	UniRef100_A7IC77~K05366	37.2	658	382	12	14	664	40	673	5.55e-110	358
FinalAssembly_bactGenome_correctedΩLimnothrix_sp_HT2024_chromosome_1166	UniRef100_A0A1W6CRY8~K03427	79.0	803	169	0	3	805	2	804	0.0	1282
FinalAssembly_bactGenome_correctedΩLimnothrix_sp_HT2024_chromosome_1930	UniRef100_K9S5C5~K12573	51.5	800	340	10	1	761	1	791	8.58e-254	731
FinalAssembly_bactGenome_correctedΩLimnothrix_sp_HT2024_chromosome_629	UniRef100_A0A110AX86~K00694	45.6	711	321	13	82	781	82	737	6.63e-182	545
FinalAssembly_bactGenome_correctedΩLimnothrix_sp_HT2024_chromosome_1979	UniRef100_B2J776~K01533	51.2	803	341	9	15	783	21	806	2.46e-232	676
FinalAssembly_bactGenome_correctedΩLimnothrix_sp_HT2024_chromosome_83	UniRef100_Q3M6Z4~K01952	75.2	775	182	4	29	794	2	775	0.0	1159
FinalAssembly_bactGenome_correctedΩLimnothrix_sp_HT2024_chromosome_3569	UniRef100_A0A068N1P1~K07012	45.2	825	374	19	1	792	1	780	1.77e-205	607
FinalAssembly_bactGenome_correctedΩLimnothrix_sp_HT2024_chromosome_1773	UniRef100_K9S5B4~K03657	67.2	790	250	4	4	789	7	791	0.0	1048
FinalAssembly_bactGenome_correctedΩLimnothrix_sp_HT2024_chromosome_1570	UniRef100_E0U8H3~K01090	36.6	662	372	17	6	641	8	647	6.99e-113	367
FinalAssembly_bactGenome_correctedΩLimnothrix_sp_HT2024_chromosome_1176	UniRef100_K9S561~K07462	53.1	754	320	11	54	782	38	782	6.02e-250	721
FinalAssembly_bactGenome_correctedΩLimnothrix_sp_HT2024_chromosome_2766	UniRef100_A0A1Y0RIV9~K02238	38.8	783	435	12	6	767	8	767	1.06e-165	504
FinalAssembly_bactGenome_correctedΩLimnothrix_sp_HT2024_chromosome_2446	UniRef100_K9TFJ1~K01768	51.7	760	337	8	8	762	5	739	3.30e-260	744
FinalAssembly_bactGenome_correctedΩLimnothrix_sp_HT2024_chromosome_1441	UniRef100_K9QUR4~K00696	61.9	721	274	1	8	727	2	722	0.0	909
FinalAssembly_bactGenome_correctedΩLimnothrix_sp_HT2024_chromosome_211	UniRef100_Q5N0G0~K04043	63.6	621	220	3	34	648	1	621	2.44e-267	758
FinalAssembly_bactGenome_correctedΩLimnothrix_sp_HT2024_chromosome_3305	UniRef100_K9S6J3~K03657	58.9	767	297	7	1	763	1	753	1.68e-288	816
FinalAssembly_bactGenome_correctedΩLimnothrix_sp_HT2024_chromosome_3337	UniRef100_A0A0F7K3C6~K13040	31.1	763	389	19	35	739	1	684	2.68e-100	330
FinalAssembly_bactGenome_correctedΩLimnothrix_sp_HT2024_chromosome_1605	UniRef100_D4ZU88~K01533	59.0	725	279	7	26	747	15	724	4.60e-259	740
FinalAssembly_bactGenome_correctedΩLimnothrix_sp_HT2024_chromosome_528	UniRef100_K9XEV0~K00951	69.8	759	215	7	2	751	5	758	0.0	1043
FinalAssembly_bactGenome_correctedΩLimnothrix_sp_HT2024_chromosome_3468	UniRef100_A0A0P0DA59~K05366	35.5	612	357	16	150	753	19	600	2.17e-90	304
FinalAssembly_bactGenome_correctedΩLimnothrix_sp_HT2024_chromosome_2424	UniRef100_K9SBZ5~K02689	91.1	750	67	0	1	750	1	750	0.0	1450
FinalAssembly_bactGenome_correctedΩLimnothrix_sp_HT2024_chromosome_1530	UniRef100_K9WQ92~K04043	79.2	621	129	0	1	621	1	621	0.0	955
FinalAssembly_bactGenome_correctedΩLimnothrix_sp_HT2024_chromosome_1771	UniRef100_K9TEW0~K12574	68.6	622	169	3	129	750	20	615	1.90e-304	850
FinalAssembly_bactGenome_correctedΩLimnothrix_sp_HT2024_chromosome_461	UniRef100_Q2JKE8~K00549	73.0	744	201	0	1	744	1	744	0.0	1113
FinalAssembly_bactGenome_correctedΩLimnothrix_sp_HT2024_chromosome_2383	UniRef100_K9VRQ6~K03654	61.4	713	273	1	26	738	14	724	0.0	890
FinalAssembly_bactGenome_correctedΩLimnothrix_sp_HT2024_chromosome_1992	UniRef100_K9QRP7~K11085	52.8	745	346	2	1	741	1	743	5.12e-253	725
FinalAssembly_bactGenome_correctedΩLimnothrix_sp_HT2024_chromosome_93	UniRef100_K9SQB2~K01768	30.7	623	360	8	32	647	103	660	2.94e-78	270
FinalAssembly_bactGenome_correctedΩLimnothrix_sp_HT2024_chromosome_1205	UniRef100_K9SDI6~K00937	69.7	715	202	4	20	732	16	717	0.0	992
FinalAssembly_bactGenome_correctedΩLimnothrix_sp_HT2024_chromosome_288	UniRef100_B8HXI8~K08309	48.7	657	320	8	85	727	71	724	3.52e-197	582
FinalAssembly_bactGenome_correctedΩLimnothrix_sp_HT2024_chromosome_2754	UniRef100_A0A1Z3HKU0~K07277	57.6	601	243	4	145	738	109	704	7.55e-234	674
FinalAssembly_bactGenome_correctedΩLimnothrix_sp_HT2024_chromosome_2423	UniRef100_A0A1Z3HV20~K02690	90.3	740	69	1	1	737	1	740	0.0	1423
FinalAssembly_bactGenome_correctedΩLimnothrix_sp_HT2024_chromosome_974	UniRef100_A0A110AV08~K02343	54.9	623	229	10	1	611	1	583	2.50e-186	551
FinalAssembly_bactGenome_correctedΩLimnothrix_sp_HT2024_chromosome_1472	UniRef100_A0A0X8WSW1~K02666	47.7	740	362	13	7	730	5	735	1.34e-193	572
FinalAssembly_bactGenome_correctedΩLimnothrix_sp_HT2024_chromosome_2833	UniRef100_A0A0X8WSJ6~K01547	80.3	676	133	0	50	725	8	683	0.0	1023
FinalAssembly_bactGenome_correctedΩLimnothrix_sp_HT2024_chromosome_1275	UniRef100_K9WYH4~K07462	55.5	717	259	8	7	713	21	687	1.37e-261	744
FinalAssembly_bactGenome_correctedΩLimnothrix_sp_HT2024_chromosome_1644	UniRef100_K9VGW7~K03596	84.9	603	91	0	124	726	1	603	0.0	1027
FinalAssembly_bactGenome_correctedΩLimnothrix_sp_HT2024_chromosome_3131	UniRef100_A0A110AWN5~K01879	61.2	726	261	4	1	717	1	714	1.53e-298	838
FinalAssembly_bactGenome_correctedΩLimnothrix_sp_HT2024_chromosome_2411	UniRef100_K9W8S1~K00962	78.3	714	154	1	1	713	1	714	0.0	1109
FinalAssembly_bactGenome_correctedΩLimnothrix_sp_HT2024_chromosome_3165	UniRef100_K9TK05~K07769	65.8	737	211	7	1	713	1	720	0.0	911
FinalAssembly_bactGenome_correctedΩLimnothrix_sp_HT2024_chromosome_585	UniRef100_K9SBZ3~K01585	72.0	665	168	3	50	714	22	668	0.0	951
FinalAssembly_bactGenome_correctedΩLimnothrix_sp_HT2024_chromosome_850	UniRef100_A0A0X8WY86~K00367	73.1	699	184	3	4	700	3	699	0.0	1077
FinalAssembly_bactGenome_correctedΩLimnothrix_sp_HT2024_chromosome_391	UniRef100_A0A0G2ZK11~K01768	47.6	651	298	7	38	685	9	619	9.24e-173	514
FinalAssembly_bactGenome_correctedΩLimnothrix_sp_HT2024_chromosome_709	UniRef100_K9S7S9~K02316	65.5	609	200	1	2	600	12	620	4.30e-273	770
FinalAssembly_bactGenome_correctedΩLimnothrix_sp_HT2024_chromosome_3388	UniRef100_K9U730~K14605	65.2	706	226	5	1	691	1	701	0.0	917
FinalAssembly_bactGenome_correctedΩLimnothrix_sp_HT2024_chromosome_2153	UniRef100_K9S9Z0~K03703	64.9	658	168	5	8	665	10	604	1.73e-287	806
FinalAssembly_bactGenome_correctedΩLimnothrix_sp_HT2024_chromosome_2192	UniRef100_B7KG09~K01322	67.1	683	220	2	5	686	8	686	0.0	982
FinalAssembly_bactGenome_correctedΩLimnothrix_sp_HT2024_chromosome_1002	UniRef100_D4ZNX1~K03798	73.2	578	155	0	97	674	42	619	1.09e-300	839
FinalAssembly_bactGenome_correctedΩLimnothrix_sp_HT2024_chromosome_1130	UniRef100_K9S3I2~K01972	64.8	699	224	4	1	696	1	680	6.97e-313	872
FinalAssembly_bactGenome_correctedΩLimnothrix_sp_HT2024_chromosome_1352	UniRef100_K9U7S9~K06888	59.7	697	275	4	1	694	1	694	1.88e-289	813
FinalAssembly_bactGenome_correctedΩLimnothrix_sp_HT2024_chromosome_3614	UniRef100_A0A0S2TD17~K21023	30.1	592	365	8	90	673	19	569	1.30e-70	246
FinalAssembly_bactGenome_correctedΩLimnothrix_sp_HT2024_chromosome_1678	UniRef100_A0A0S3U3J2~K08300	59.6	723	235	8	1	691	1	698	1.66e-263	748
FinalAssembly_bactGenome_correctedΩLimnothrix_sp_HT2024_chromosome_275	UniRef100_K9QJ37~K22044	37.7	562	298	7	25	583	2	514	3.93e-104	334
FinalAssembly_bactGenome_correctedΩLimnothrix_sp_HT2024_chromosome_1790	UniRef100_A0A110AWD7~K03046	76.8	694	87	4	1	690	1	624	0.0	1040
FinalAssembly_bactGenome_correctedΩLimnothrix_sp_HT2024_chromosome_3210	UniRef100_K9SC17~K02355	86.4	691	94	0	1	691	1	691	0.0	1194
FinalAssembly_bactGenome_correctedΩLimnothrix_sp_HT2024_chromosome_1498	UniRef100_A0A1W5CFJ1~K01090	41.0	597	314	7	27	606	1	576	1.07e-140	432
FinalAssembly_bactGenome_correctedΩLimnothrix_sp_HT2024_chromosome_2710	UniRef100_A0A139GK69~K05577	75.9	685	154	2	1	680	1	679	0.0	1073
FinalAssembly_bactGenome_correctedΩLimnothrix_sp_HT2024_chromosome_2102	UniRef100_A0A0S3PGI2~K03404	77.6	684	136	6	6	681	2	676	0.0	928
FinalAssembly_bactGenome_correctedΩLimnothrix_sp_HT2024_chromosome_1258	UniRef100_K9T3N1~K02355	66.4	672	222	3	10	681	10	677	0.0	906
FinalAssembly_bactGenome_correctedΩLimnothrix_sp_HT2024_chromosome_1137	UniRef100_K9SD06~K01147	62.0	682	240	5	1	674	1	671	1.31e-293	822
FinalAssembly_bactGenome_correctedΩLimnothrix_sp_HT2024_chromosome_209	UniRef100_A0A120MWZ9~K02652	70.8	668	189	4	4	670	5	667	0.0	942
FinalAssembly_bactGenome_correctedΩLimnothrix_sp_HT2024_chromosome_3028	UniRef100_K9T5P1~K09879	62.3	671	215	4	6	673	12	647	6.98e-305	850
FinalAssembly_bactGenome_correctedΩLimnothrix_sp_HT2024_chromosome_1777	UniRef100_A0A1U8B4H7~K08869	48.1	611	301	6	52	652	103	707	9.65e-185	546
FinalAssembly_bactGenome_correctedΩLimnothrix_sp_HT2024_chromosome_852	UniRef100_K9U3K5~K15578	68.1	665	212	0	1	665	1	665	0.0	932
FinalAssembly_bactGenome_correctedΩLimnothrix_sp_HT2024_chromosome_2778	UniRef100_V5V574~K00615	83.5	668	105	3	1	668	1	663	0.0	1118
FinalAssembly_bactGenome_correctedΩLimnothrix_sp_HT2024_chromosome_992	UniRef100_A0A0T7BRD6~K03587	49.4	569	279	3	102	668	40	601	1.85e-179	529
FinalAssembly_bactGenome_correctedΩLimnothrix_sp_HT2024_chromosome_1273	UniRef100_K9TBC6~K01768	45.2	644	329	8	25	656	27	658	3.45e-186	548
FinalAssembly_bactGenome_correctedΩLimnothrix_sp_HT2024_chromosome_1415	UniRef100_A0A0S3TQ20~K03702	82.3	665	118	0	1	665	1	665	0.0	1090
FinalAssembly_bactGenome_correctedΩLimnothrix_sp_HT2024_chromosome_2843	UniRef100_B8HN95~K11952	76.6	668	153	3	1	665	1	668	0.0	1055
FinalAssembly_bactGenome_correctedΩLimnothrix_sp_HT2024_chromosome_2742	UniRef100_K9S644~K01897	59.2	654	250	5	13	661	14	655	1.95e-267	754
FinalAssembly_bactGenome_correctedΩLimnothrix_sp_HT2024_chromosome_1718	UniRef100_A0A0S3TX03~K04079	70.3	669	177	5	1	657	1	659	0.0	960
FinalAssembly_bactGenome_correctedΩLimnothrix_sp_HT2024_chromosome_649	UniRef100_A0A1Y0RUP3~K01895	85.2	656	97	0	1	656	1	656	0.0	1181
FinalAssembly_bactGenome_correctedΩLimnothrix_sp_HT2024_chromosome_1242	UniRef100_K9T010~K08698	46.9	655	326	8	18	653	14	665	6.71e-187	550
FinalAssembly_bactGenome_correctedΩLimnothrix_sp_HT2024_chromosome_602	UniRef100_A0A0S3TT76~K00392	67.0	651	200	3	1	650	1	637	0.0	897
FinalAssembly_bactGenome_correctedΩLimnothrix_sp_HT2024_chromosome_3413	UniRef100_A0A0S3U9D8~K15738	67.0	643	195	3	1	643	1	626	1.91e-300	837
FinalAssembly_bactGenome_correctedΩLimnothrix_sp_HT2024_chromosome_1783	UniRef100_Q8YZD0~K01090	46.6	704	282	11	1	640	1	674	1.54e-175	521
FinalAssembly_bactGenome_correctedΩLimnothrix_sp_HT2024_chromosome_91	UniRef100_K9XJQ1~K02470	83.7	646	104	1	1	645	1	646	0.0	1093
FinalAssembly_bactGenome_correctedΩLimnothrix_sp_HT2024_chromosome_1044	UniRef100_K9SBG7~K03495	83.3	624	104	0	12	635	5	628	0.0	1046
FinalAssembly_bactGenome_correctedΩLimnothrix_sp_HT2024_chromosome_2961	UniRef100_K9WET4~K06946	56.7	639	268	2	1	635	1	634	4.28e-255	722
FinalAssembly_bactGenome_correctedΩLimnothrix_sp_HT2024_chromosome_958	UniRef100_D4ZPE0~K01179	55.1	586	260	3	55	639	27	610	1.43e-236	674
FinalAssembly_bactGenome_correctedΩLimnothrix_sp_HT2024_chromosome_3507	UniRef100_A0A0X8WPZ7~K02031&K02032	62.2	640	212	5	5	626	9	636	2.15e-263	743
FinalAssembly_bactGenome_correctedΩLimnothrix_sp_HT2024_chromosome_3536	UniRef100_M1E6X0~K05366	45.8	589	314	4	47	634	22	606	7.53e-168	501
FinalAssembly_bactGenome_correctedΩLimnothrix_sp_HT2024_chromosome_1618	UniRef100_K9S9T7~K00820	67.6	639	203	3	1	637	1	637	9.21e-308	855
FinalAssembly_bactGenome_correctedΩLimnothrix_sp_HT2024_chromosome_266	UniRef100_B1XIV5~K07093	67.1	639	180	8	1	637	1	611	4.18e-317	878
FinalAssembly_bactGenome_correctedΩLimnothrix_sp_HT2024_chromosome_3319	UniRef100_Q1I5Z3~K03316	34.6	581	359	10	15	583	12	583	8.81e-78	265
FinalAssembly_bactGenome_correctedΩLimnothrix_sp_HT2024_chromosome_2121	UniRef100_A0A0X8WXL0~K01662	84.1	622	98	1	1	621	1	622	0.0	1074
FinalAssembly_bactGenome_correctedΩLimnothrix_sp_HT2024_chromosome_844	UniRef100_Q2JP97~K13541	53.2	635	262	5	7	618	3	625	1.17e-207	600
FinalAssembly_bactGenome_correctedΩLimnothrix_sp_HT2024_chromosome_3581	UniRef100_B2JMW6~K14051	33.2	558	356	8	21	573	114	659	5.21e-92	304
FinalAssembly_bactGenome_correctedΩLimnothrix_sp_HT2024_chromosome_417	UniRef100_A0A0S3UCI8~K04043	83.3	635	103	1	1	632	1	635	0.0	1009
FinalAssembly_bactGenome_correctedΩLimnothrix_sp_HT2024_chromosome_1338	UniRef100_K9TVW4~K03798	84.6	623	96	0	1	623	1	623	0.0	1074
FinalAssembly_bactGenome_correctedΩLimnothrix_sp_HT2024_chromosome_433	UniRef100_K9S367~K00928	67.6	614	183	4	1	614	1	598	1.15e-271	762
FinalAssembly_bactGenome_correctedΩLimnothrix_sp_HT2024_chromosome_31	UniRef100_B2JFA3~K20444	44.2	554	272	17	67	602	76	610	1.51e-130	403
FinalAssembly_bactGenome_correctedΩLimnothrix_sp_HT2024_chromosome_3667	UniRef100_K9QWD1~K03665	68.4	594	168	4	28	620	12	586	2.02e-272	763
FinalAssembly_bactGenome_correctedΩLimnothrix_sp_HT2024_chromosome_1245	UniRef100_K9TGJ9~K05577	64.1	615	205	3	7	610	1	610	1.12e-271	762
FinalAssembly_bactGenome_correctedΩLimnothrix_sp_HT2024_chromosome_3376	UniRef100_K9XG82~K05515	49.7	594	288	4	1	589	1	588	1.68e-205	593
FinalAssembly_bactGenome_correctedΩLimnothrix_sp_HT2024_chromosome_2702	UniRef100_A0A0S3U5P8~K01652	78.3	604	130	1	16	618	60	663	0.0	971
FinalAssembly_bactGenome_correctedΩLimnothrix_sp_HT2024_chromosome_3604	UniRef100_K9T966~K05577	60.6	607	235	2	7	610	7	612	4.01e-263	740
FinalAssembly_bactGenome_correctedΩLimnothrix_sp_HT2024_chromosome_1385	UniRef100_A0A0X8WY11~K05515	41.5	576	299	11	8	561	6	565	3.60e-124	385
FinalAssembly_bactGenome_correctedΩLimnothrix_sp_HT2024_chromosome_3092	UniRef100_K9VJW8~K04773	47.4	618	306	10	1	612	1	605	5.93e-167	495
FinalAssembly_bactGenome_correctedΩLimnothrix_sp_HT2024_chromosome_3576	UniRef100_K9SA34~K03798	87.9	613	73	1	1	612	1	613	0.0	1057
FinalAssembly_bactGenome_correctedΩLimnothrix_sp_HT2024_chromosome_3327	UniRef100_K9S7E2~K03631	56.0	605	244	4	1	604	1	584	5.11e-198	574
FinalAssembly_bactGenome_correctedΩLimnothrix_sp_HT2024_chromosome_1801	UniRef100_K9TJJ1~K01868	81.4	596	111	0	17	612	13	608	0.0	1004
FinalAssembly_bactGenome_correctedΩLimnothrix_sp_HT2024_chromosome_859	UniRef100_K9VXA4~K18890	68.3	599	183	3	12	605	24	620	3.72e-286	798
FinalAssembly_bactGenome_correctedΩLimnothrix_sp_HT2024_chromosome_644	UniRef100_K9TQK9~K08602	62.7	592	217	2	16	603	15	606	5.33e-274	767
FinalAssembly_bactGenome_correctedΩLimnothrix_sp_HT2024_chromosome_3515	UniRef100_Q1LRQ8~K07263	31.3	514	284	8	98	600	31	486	6.95e-64	224
FinalAssembly_bactGenome_correctedΩLimnothrix_sp_HT2024_chromosome_805	UniRef100_K9TYH1~K01876	78.8	594	125	1	1	593	1	594	0.0	945
FinalAssembly_bactGenome_correctedΩLimnothrix_sp_HT2024_chromosome_663	UniRef100_K9W925~K01768	54.3	586	217	6	1	586	1	535	9.87e-207	593
FinalAssembly_bactGenome_correctedΩLimnothrix_sp_HT2024_chromosome_3377	UniRef100_A0A0X8WW48~K05515	54.1	569	250	5	25	587	31	594	4.71e-197	571
FinalAssembly_bactGenome_correctedΩLimnothrix_sp_HT2024_chromosome_454	UniRef100_D5A0R0~K01881	73.2	601	158	3	1	598	1	601	2.76e-316	874
FinalAssembly_bactGenome_correctedΩLimnothrix_sp_HT2024_chromosome_2475	UniRef100_K9SBH2~K06207	85.1	597	89	0	1	597	1	597	0.0	1039
FinalAssembly_bactGenome_correctedΩLimnothrix_sp_HT2024_chromosome_999	UniRef100_Q8YQQ7~K02035	62.8	549	202	1	46	594	35	581	3.98e-262	736
FinalAssembly_bactGenome_correctedΩLimnothrix_sp_HT2024_chromosome_741	UniRef100_B2J8Z7~K01950	61.7	590	187	3	1	589	1	552	7.96e-253	711
FinalAssembly_bactGenome_correctedΩLimnothrix_sp_HT2024_chromosome_1848	UniRef100_K9XAW7~K02035	62.3	583	217	3	10	589	7	589	6.37e-271	758
FinalAssembly_bactGenome_correctedΩLimnothrix_sp_HT2024_chromosome_1505	UniRef100_K9TY97~K06915	77.0	588	118	3	6	592	7	578	0.0	886
FinalAssembly_bactGenome_correctedΩLimnothrix_sp_HT2024_chromosome_617	UniRef100_K9U8C6~K06147	72.0	582	163	0	6	587	24	605	2.21e-303	841
FinalAssembly_bactGenome_correctedΩLimnothrix_sp_HT2024_chromosome_3425	UniRef100_K9QPD1~K03455	65.5	566	195	0	1	566	1	566	1.59e-244	690
FinalAssembly_bactGenome_correctedΩLimnothrix_sp_HT2024_chromosome_452	UniRef100_B7KCF7~K07114	51.2	555	268	3	38	590	20	573	5.91e-200	577
FinalAssembly_bactGenome_correctedΩLimnothrix_sp_HT2024_chromosome_2342	UniRef100_K9WLK5~K01448	49.6	569	277	5	24	582	11	579	2.44e-188	548
FinalAssembly_bactGenome_correctedΩLimnothrix_sp_HT2024_chromosome_1833	UniRef100_K9S5S3~K00873	78.7	586	124	1	1	585	1	586	0.0	880
FinalAssembly_bactGenome_correctedΩLimnothrix_sp_HT2024_chromosome_636	UniRef100_K9TMI5~K18889	69.4	579	176	1	6	584	3	580	8.87e-274	764
FinalAssembly_bactGenome_correctedΩLimnothrix_sp_HT2024_chromosome_2923	UniRef100_B8HWS2~K05349	56.5	579	204	7	9	578	5	544	3.05e-198	572
FinalAssembly_bactGenome_correctedΩLimnothrix_sp_HT2024_chromosome_1334	UniRef100_K9S427~K01887	70.9	585	169	1	1	584	1	585	2.04e-301	835
FinalAssembly_bactGenome_correctedΩLimnothrix_sp_HT2024_chromosome_1143	UniRef100_B8HT62~K07267	30.3	522	300	19	100	584	33	527	2.58e-36	149
FinalAssembly_bactGenome_correctedΩLimnothrix_sp_HT2024_chromosome_3649	UniRef100_C1MR03~K08869	48.9	472	239	2	12	482	16	486	1.21e-148	444
FinalAssembly_bactGenome_correctedΩLimnothrix_sp_HT2024_chromosome_3470	UniRef100_B2IUJ6~K00239	75.3	575	141	1	8	582	2	575	6.20e-314	866
FinalAssembly_bactGenome_correctedΩLimnothrix_sp_HT2024_chromosome_167	UniRef100_K9VFH5~K06147	64.9	575	201	1	6	580	2	575	3.01e-264	740
FinalAssembly_bactGenome_correctedΩLimnothrix_sp_HT2024_chromosome_2642	UniRef100_K9SAG5~K01937	78.9	531	112	0	1	531	1	531	5.69e-311	857
FinalAssembly_bactGenome_correctedΩLimnothrix_sp_HT2024_chromosome_729	UniRef100_K9S4B8~K02551	58.8	582	227	7	1	577	3	576	2.05e-236	669
FinalAssembly_bactGenome_correctedΩLimnothrix_sp_HT2024_chromosome_1424	UniRef100_K9S371~K03572	58.2	574	218	6	4	576	5	557	3.29e-224	637
FinalAssembly_bactGenome_correctedΩLimnothrix_sp_HT2024_chromosome_1356	UniRef100_K9PKG7~K06158	75.2	548	136	0	1	548	1	548	7.58e-299	827
FinalAssembly_bactGenome_correctedΩLimnothrix_sp_HT2024_chromosome_1642	UniRef100_G4RJB3~K03688	34.8	511	318	4	62	560	67	574	1.56e-99	320
FinalAssembly_bactGenome_correctedΩLimnothrix_sp_HT2024_chromosome_403	UniRef100_K9VC25~K02011	52.6	538	250	2	28	564	30	563	6.10e-176	515
FinalAssembly_bactGenome_correctedΩLimnothrix_sp_HT2024_chromosome_1758	UniRef100_F4A1D2~K03688	31.6	528	330	4	18	531	8	518	1.64e-89	292
FinalAssembly_bactGenome_correctedΩLimnothrix_sp_HT2024_chromosome_1003	UniRef100_K9VWJ1~K04077	67.2	542	171	4	1	541	1	536	2.62e-244	688
FinalAssembly_bactGenome_correctedΩLimnothrix_sp_HT2024_chromosome_2108	UniRef100_B0C796~K01428	80.0	565	113	0	5	569	1	565	0.0	946
FinalAssembly_bactGenome_correctedΩLimnothrix_sp_HT2024_chromosome_2992	UniRef100_K9SCE4~K00278	61.2	552	205	3	7	549	4	555	2.23e-231	655
FinalAssembly_bactGenome_correctedΩLimnothrix_sp_HT2024_chromosome_1980	UniRef100_K9W9J0~K03980	59.3	528	203	4	42	564	9	529	5.79e-191	551
FinalAssembly_bactGenome_correctedΩLimnothrix_sp_HT2024_chromosome_1685	UniRef100_D7DVS1~K07052	46.1	555	248	11	15	563	3	512	2.04e-136	412
FinalAssembly_bactGenome_correctedΩLimnothrix_sp_HT2024_chromosome_736	UniRef100_D4ZT39~K00575	34.4	561	316	11	8	559	1	518	4.52e-87	285
FinalAssembly_bactGenome_correctedΩLimnothrix_sp_HT2024_chromosome_2394	UniRef100_B1XQB5~K01687	83.0	560	95	0	1	560	1	560	0.0	907
FinalAssembly_bactGenome_correctedΩLimnothrix_sp_HT2024_chromosome_2231	UniRef100_K9VZG2~K14652	72.3	549	150	1	13	561	12	558	3.20e-291	807
FinalAssembly_bactGenome_correctedΩLimnothrix_sp_HT2024_chromosome_1152	UniRef100_D9RY50~K03688	35.6	481	298	4	54	529	47	520	7.05e-103	327
FinalAssembly_bactGenome_correctedΩLimnothrix_sp_HT2024_chromosome_801	UniRef100_A0A1D8TYM6~K02274	87.7	563	65	2	1	560	1	562	0.0	1016
FinalAssembly_bactGenome_correctedΩLimnothrix_sp_HT2024_chromosome_624	UniRef100_K9QGJ3~K13542	57.3	534	202	3	18	549	8	517	4.08e-200	574
FinalAssembly_bactGenome_correctedΩLimnothrix_sp_HT2024_chromosome_117	UniRef100_K9R0R7~K05575	78.5	550	116	2	1	549	2	550	3.18e-309	852
FinalAssembly_bactGenome_correctedΩLimnothrix_sp_HT2024_chromosome_3427	UniRef100_K9TND3~K02274	78.8	542	111	3	18	557	25	564	0.0	887
FinalAssembly_bactGenome_correctedΩLimnothrix_sp_HT2024_chromosome_2534	UniRef100_K9S8A7~K01649	73.7	528	130	2	27	545	7	534	3.72e-285	791
FinalAssembly_bactGenome_correctedΩLimnothrix_sp_HT2024_chromosome_150	UniRef100_B8HSC8~K03321	82.0	545	98	0	1	545	1	545	3.10e-303	837
FinalAssembly_bactGenome_correctedΩLimnothrix_sp_HT2024_chromosome_3461	UniRef100_Q8YVM3~K03106	70.5	508	131	4	50	556	1	490	2.99e-232	654
FinalAssembly_bactGenome_correctedΩLimnothrix_sp_HT2024_chromosome_67	UniRef100_A0A1W5CE34~K07267	32.7	514	290	16	75	555	78	568	3.12e-47	179
FinalAssembly_bactGenome_correctedΩLimnothrix_sp_HT2024_chromosome_847	UniRef100_A0A0D6BFR1~K02484	30.4	464	282	18	60	514	6	437	2.14e-24	112
FinalAssembly_bactGenome_correctedΩLimnothrix_sp_HT2024_chromosome_3659	UniRef100_K9S7P4~K03316	76.6	525	123	0	26	550	13	537	1.34e-269	751
FinalAssembly_bactGenome_correctedΩLimnothrix_sp_HT2024_chromosome_2058	UniRef100_A0A1D8U058~K09121	48.8	539	212	4	2	539	3	478	1.73e-144	431
FinalAssembly_bactGenome_correctedΩLimnothrix_sp_HT2024_chromosome_2332	UniRef100_A0A0X8WVG9~K01524	63.4	533	191	2	9	541	13	541	3.41e-236	667
FinalAssembly_bactGenome_correctedΩLimnothrix_sp_HT2024_chromosome_2832	UniRef100_K9UV66~K01546	69.5	555	157	3	1	543	1	555	1.23e-265	741
FinalAssembly_bactGenome_correctedΩLimnothrix_sp_HT2024_chromosome_1559	UniRef100_A0A0S3PHS8~K04077	88.8	546	59	1	1	546	1	544	0.0	894
FinalAssembly_bactGenome_correctedΩLimnothrix_sp_HT2024_chromosome_581	UniRef100_K9TZJ2~K01652	78.5	545	117	0	1	545	1	545	0.0	897
FinalAssembly_bactGenome_correctedΩLimnothrix_sp_HT2024_chromosome_2528	UniRef100_A0A110AWL3~K14606	55.3	564	187	7	1	542	1	521	8.31e-192	553
FinalAssembly_bactGenome_correctedΩLimnothrix_sp_HT2024_chromosome_1861	UniRef100_A0A0S3PDA9~K01649	78.4	527	114	0	11	537	4	530	7.95e-296	816
FinalAssembly_bactGenome_correctedΩLimnothrix_sp_HT2024_chromosome_1223	UniRef100_K9T5Z6~K05587	73.1	531	138	1	1	531	1	526	3.55e-287	795
FinalAssembly_bactGenome_correctedΩLimnothrix_sp_HT2024_chromosome_1869	UniRef100_A0A0T7BQZ1~K05568	59.4	535	159	2	7	541	1	477	1.11e-203	581
FinalAssembly_bactGenome_correctedΩLimnothrix_sp_HT2024_chromosome_858	UniRef100_A0A1W5CE34~K07267	33.0	515	286	17	63	542	78	568	3.82e-50	187
FinalAssembly_bactGenome_correctedΩLimnothrix_sp_HT2024_chromosome_857	UniRef100_A0A1W5CE34~K07267	32.2	515	290	16	63	542	78	568	1.60e-45	174
FinalAssembly_bactGenome_correctedΩLimnothrix_sp_HT2024_chromosome_726	UniRef100_A0A0S3UDX1~K01835	78.9	544	113	1	1	542	1	544	2.35e-317	871
FinalAssembly_bactGenome_correctedΩLimnothrix_sp_HT2024_chromosome_1951	UniRef100_A0A0H3K043~K01874	68.9	524	155	3	16	535	2	521	4.08e-274	761
FinalAssembly_bactGenome_correctedΩLimnothrix_sp_HT2024_chromosome_15	UniRef100_K9THQ6~K04566	71.9	534	144	2	3	536	2	529	1.21e-293	811
FinalAssembly_bactGenome_correctedΩLimnothrix_sp_HT2024_chromosome_1838	UniRef100_A0A1W5CE34~K07267	33.1	537	273	14	48	536	70	568	1.39e-57	207
FinalAssembly_bactGenome_correctedΩLimnothrix_sp_HT2024_chromosome_518	UniRef100_A0A0S3TXZ2~K02837	76.4	535	124	1	1	535	1	533	1.74e-307	846
FinalAssembly_bactGenome_correctedΩLimnothrix_sp_HT2024_chromosome_2443	UniRef100_K9S6A1~K01951	84.7	535	82	0	1	535	1	535	0.0	933
FinalAssembly_bactGenome_correctedΩLimnothrix_sp_HT2024_chromosome_867	UniRef100_A0A1Z3HRW8~K01448	38.2	521	270	10	28	530	1	487	1.91e-104	328
FinalAssembly_bactGenome_correctedΩLimnothrix_sp_HT2024_chromosome_3367	UniRef100_K9WF53~K01810	70.6	530	147	4	5	532	4	526	9.28e-259	722
FinalAssembly_bactGenome_correctedΩLimnothrix_sp_HT2024_chromosome_948	UniRef100_A0A0S3TS03~K05575	68.0	532	169	1	1	531	1	532	7.42e-253	707
FinalAssembly_bactGenome_correctedΩLimnothrix_sp_HT2024_chromosome_286	UniRef100_A0A1Y0RVV2~K06883	53.8	520	227	1	1	520	1	507	6.22e-172	501
FinalAssembly_bactGenome_correctedΩLimnothrix_sp_HT2024_chromosome_1355	UniRef100_K9VF81~K15633	71.7	530	150	0	1	530	1	530	8.86e-288	796
FinalAssembly_bactGenome_correctedΩLimnothrix_sp_HT2024_chromosome_3637	UniRef100_K9SB37~K05575	82.0	527	85	1	2	528	5	521	2.23e-298	822
FinalAssembly_bactGenome_correctedΩLimnothrix_sp_HT2024_chromosome_2652	UniRef100_K9S3D7~K16149	85.4	529	77	0	1	529	1	529	0.0	984
FinalAssembly_bactGenome_correctedΩLimnothrix_sp_HT2024_chromosome_3236	UniRef100_K9SB87~K22305	61.3	463	162	5	74	528	3	456	1.23e-191	549
FinalAssembly_bactGenome_correctedΩLimnothrix_sp_HT2024_chromosome_1596	UniRef100_A0A1W5CE34~K07267	35.3	532	245	21	55	528	78	568	6.03e-57	205
FinalAssembly_bactGenome_correctedΩLimnothrix_sp_HT2024_chromosome_193	UniRef100_K9S6N4~K03446	72.7	516	138	2	14	528	17	530	3.99e-266	741
FinalAssembly_bactGenome_correctedΩLimnothrix_sp_HT2024_chromosome_606	UniRef100_K9TAI4~K00602	70.8	527	146	3	1	527	1	519	4.41e-260	725
FinalAssembly_bactGenome_correctedΩLimnothrix_sp_HT2024_chromosome_541	UniRef100_K9TFK0~K05573	77.9	515	112	1	1	513	1	515	8.05e-276	765
FinalAssembly_bactGenome_correctedΩLimnothrix_sp_HT2024_chromosome_1357	UniRef100_K9S4N3~K00058	83.9	527	84	1	1	526	1	527	2.86e-309	850
FinalAssembly_bactGenome_correctedΩLimnothrix_sp_HT2024_chromosome_289	UniRef100_K9QIK0~K19572	67.4	522	170	0	1	522	1	522	3.95e-252	705
FinalAssembly_bactGenome_correctedΩLimnothrix_sp_HT2024_chromosome_2336	UniRef100_A0A0X8WRC7~K03722	51.0	529	219	8	1	521	1	497	1.11e-167	490
FinalAssembly_bactGenome_correctedΩLimnothrix_sp_HT2024_chromosome_74	UniRef100_K9XC35~K15576	65.6	520	177	2	7	525	10	528	1.12e-252	706
FinalAssembly_bactGenome_correctedΩLimnothrix_sp_HT2024_chromosome_490	UniRef100_A0A068MVE6~K07259	36.8	494	248	15	38	522	42	480	9.01e-72	242
FinalAssembly_bactGenome_correctedΩLimnothrix_sp_HT2024_chromosome_2657	UniRef100_A0A0S3PL74~K03431	65.4	463	153	4	62	523	31	487	1.06e-206	588
FinalAssembly_bactGenome_correctedΩLimnothrix_sp_HT2024_chromosome_1689	UniRef100_D7DZR7~K08884	60.3	542	187	7	1	523	1	533	1.24e-166	488
FinalAssembly_bactGenome_correctedΩLimnothrix_sp_HT2024_chromosome_3113	UniRef100_K9TS21~K00366	62.8	522	161	7	1	514	1	497	4.04e-214	607
FinalAssembly_bactGenome_correctedΩLimnothrix_sp_HT2024_chromosome_1908	UniRef100_A0A0X8WY72~K01669	65.7	507	164	4	12	516	6	504	4.43e-241	676
FinalAssembly_bactGenome_correctedΩLimnothrix_sp_HT2024_chromosome_3598	UniRef100_A0A0X8WXB3~K06876	65.6	509	169	2	12	519	1	504	1.14e-257	718
FinalAssembly_bactGenome_correctedΩLimnothrix_sp_HT2024_chromosome_1210	UniRef100_A0A0S3U7Y4~K12132	50.7	515	242	4	1	513	1	505	2.22e-182	527
FinalAssembly_bactGenome_correctedΩLimnothrix_sp_HT2024_chromosome_2802	UniRef100_A0A0X8WQJ1~K09835	77.5	511	110	3	12	517	3	513	2.12e-292	806
FinalAssembly_bactGenome_correctedΩLimnothrix_sp_HT2024_chromosome_856	UniRef100_A0A0X8WXV5~K00366	75.6	505	123	0	7	511	6	510	1.13e-288	796
FinalAssembly_bactGenome_correctedΩLimnothrix_sp_HT2024_chromosome_280	UniRef100_A0A1W5CKJ7~K17759&K17758	60.4	505	185	6	14	507	10	510	2.92e-192	552
FinalAssembly_bactGenome_correctedΩLimnothrix_sp_HT2024_chromosome_1762	UniRef100_K9VZ37~K07028	60.7	516	194	1	2	517	3	509	3.29e-220	623
FinalAssembly_bactGenome_correctedΩLimnothrix_sp_HT2024_chromosome_2628	UniRef100_K9TRD6~K06883	61.6	466	161	2	56	503	29	494	1.67e-189	545
FinalAssembly_bactGenome_correctedΩLimnothrix_sp_HT2024_chromosome_2186	UniRef100_A0A140K748~K03320	70.6	463	127	6	48	503	42	502	5.30e-221	625
FinalAssembly_bactGenome_correctedΩLimnothrix_sp_HT2024_chromosome_926	UniRef100_K9VID6~K04771	52.7	446	187	3	74	510	52	482	1.28e-148	440
FinalAssembly_bactGenome_correctedΩLimnothrix_sp_HT2024_chromosome_3344	UniRef100_K9VF91~K00464	60.4	510	179	4	1	508	4	492	1.69e-234	659
FinalAssembly_bactGenome_correctedΩLimnothrix_sp_HT2024_chromosome_599	UniRef100_K9TDZ5~K01924	61.8	500	184	2	1	493	1	500	9.14e-208	592
FinalAssembly_bactGenome_correctedΩLimnothrix_sp_HT2024_chromosome_2422	UniRef100_A8ZKT1~K02022	32.7	508	316	6	10	512	42	528	1.46e-65	227
FinalAssembly_bactGenome_correctedΩLimnothrix_sp_HT2024_chromosome_1683	UniRef100_K9QDD9~K03500	51.6	494	185	5	17	510	5	444	1.03e-164	479
FinalAssembly_bactGenome_correctedΩLimnothrix_sp_HT2024_chromosome_1440	UniRef100_A5GJ47~K01193	50.5	481	202	9	18	492	29	479	3.56e-172	500
FinalAssembly_bactGenome_correctedΩLimnothrix_sp_HT2024_chromosome_1315	UniRef100_K9SCW8~K01928	67.3	505	162	1	4	508	1	502	9.83e-237	664
FinalAssembly_bactGenome_correctedΩLimnothrix_sp_HT2024_chromosome_348	UniRef100_K9RVY5~K07391	74.3	513	126	3	1	510	1	510	1.15e-265	738
FinalAssembly_bactGenome_correctedΩLimnothrix_sp_HT2024_chromosome_2344	UniRef100_K9UB13~K02005	54.5	532	177	7	33	502	58	586	1.36e-111	348
FinalAssembly_bactGenome_correctedΩLimnothrix_sp_HT2024_chromosome_748	UniRef100_K9XEP6~K13799	55.7	519	214	3	1	506	1	516	3.67e-186	537
FinalAssembly_bactGenome_correctedΩLimnothrix_sp_HT2024_chromosome_3354	UniRef100_Q118F3~K00036	81.7	509	93	0	1	509	1	509	0.0	875
FinalAssembly_bactGenome_correctedΩLimnothrix_sp_HT2024_chromosome_3087	UniRef100_K9R5F7~K06923	49.3	475	193	2	31	505	12	438	7.34e-146	431
FinalAssembly_bactGenome_correctedΩLimnothrix_sp_HT2024_chromosome_3056	UniRef100_K9XW45~K13421	51.7	509	210	7	1	504	1	478	2.62e-169	492
FinalAssembly_bactGenome_correctedΩLimnothrix_sp_HT2024_chromosome_1446	UniRef100_K9XNQ8~K01999	44.0	450	206	5	56	502	51	457	3.72e-98	310
FinalAssembly_bactGenome_correctedΩLimnothrix_sp_HT2024_chromosome_1407	UniRef100_A0A0S3TWW1~K01665	60.9	476	152	9	23	497	3	445	3.31e-197	562
FinalAssembly_bactGenome_correctedΩLimnothrix_sp_HT2024_chromosome_1404	UniRef100_B8HUA7~K02600	80.4	414	80	1	1	414	1	413	3.31e-224	629
FinalAssembly_bactGenome_correctedΩLimnothrix_sp_HT2024_chromosome_3603	UniRef100_K9TN20~K05575	68.3	486	153	1	1	486	1	485	8.27e-230	647
FinalAssembly_bactGenome_correctedΩLimnothrix_sp_HT2024_chromosome_3516	UniRef100_B2IVJ4~K07263	66.5	451	150	1	52	501	37	487	2.58e-212	602
FinalAssembly_bactGenome_correctedΩLimnothrix_sp_HT2024_chromosome_2523	UniRef100_A0A110AV92~K04039	81.9	508	92	0	1	508	1	508	0.0	872
FinalAssembly_bactGenome_correctedΩLimnothrix_sp_HT2024_chromosome_173	UniRef100_K9SD50~K01657	71.5	508	143	1	1	506	2	509	4.74e-274	759
FinalAssembly_bactGenome_correctedΩLimnothrix_sp_HT2024_chromosome_3526	UniRef100_A0A0S3U4M6~K05592	65.0	437	152	1	1	437	1	436	2.56e-193	553
FinalAssembly_bactGenome_correctedΩLimnothrix_sp_HT2024_chromosome_1572	UniRef100_K9T9S6~K02704	85.2	508	73	1	1	506	1	508	0.0	922
FinalAssembly_bactGenome_correctedΩLimnothrix_sp_HT2024_chromosome_1766	UniRef100_K9XAN8~K04485	67.9	495	141	3	1	482	1	490	1.91e-223	630
FinalAssembly_bactGenome_correctedΩLimnothrix_sp_HT2024_chromosome_1193	UniRef100_A0A140K3M3~K02111	82.7	504	87	0	1	504	1	504	3.07e-293	807
FinalAssembly_bactGenome_correctedΩLimnothrix_sp_HT2024_chromosome_1246	UniRef100_K9S570~K05575	64.8	497	161	3	2	498	1	483	2.12e-218	618
FinalAssembly_bactGenome_correctedΩLimnothrix_sp_HT2024_chromosome_1141	UniRef100_A0A0X8WQV3~K08482	91.0	502	45	0	1	502	16	517	0.0	895
FinalAssembly_bactGenome_correctedΩLimnothrix_sp_HT2024_chromosome_2491	UniRef100_K9SYA9~K02232	60.8	515	172	6	1	501	1	499	2.01e-212	602
FinalAssembly_bactGenome_correctedΩLimnothrix_sp_HT2024_chromosome_2347	UniRef100_Q3A6R7~K06027	39.0	480	276	7	10	481	13	483	4.22e-98	310
FinalAssembly_bactGenome_correctedΩLimnothrix_sp_HT2024_chromosome_1286	UniRef100_K9T842~K03182	79.1	502	105	0	1	502	1	502	8.38e-299	821
FinalAssembly_bactGenome_correctedΩLimnothrix_sp_HT2024_chromosome_1179	UniRef100_Q3A6R7~K06027	39.2	490	282	6	8	492	13	491	4.35e-101	318
FinalAssembly_bactGenome_correctedΩLimnothrix_sp_HT2024_chromosome_803	UniRef100_Q6L740~K20566	30.1	541	273	24	8	494	14	503	5.86e-33	137
FinalAssembly_bactGenome_correctedΩLimnothrix_sp_HT2024_chromosome_2862	UniRef100_K9VUS9~K03317	57.3	494	189	8	4	492	7	483	2.12e-175	510
FinalAssembly_bactGenome_correctedΩLimnothrix_sp_HT2024_chromosome_1017	UniRef100_A0A0S3U2F4~K07315	64.2	491	163	5	1	491	1	478	3.83e-213	603
FinalAssembly_bactGenome_correctedΩLimnothrix_sp_HT2024_chromosome_3372	UniRef100_K9T8M2~K02705	62.3	499	175	6	1	494	1	491	4.93e-220	622
FinalAssembly_bactGenome_correctedΩLimnothrix_sp_HT2024_chromosome_656	UniRef100_A0A120MWL5~K01255	68.7	501	147	5	1	501	1	491	6.05e-230	646
FinalAssembly_bactGenome_correctedΩLimnothrix_sp_HT2024_chromosome_3431	UniRef100_K9X6G4~K19294	53.2	509	219	7	1	500	1	499	1.08e-178	516
FinalAssembly_bactGenome_correctedΩLimnothrix_sp_HT2024_chromosome_3089	UniRef100_K9SBD9~K08226	60.8	472	174	3	30	500	20	481	9.35e-188	539
FinalAssembly_bactGenome_correctedΩLimnothrix_sp_HT2024_chromosome_2965	UniRef100_K9XC05~K03820	51.7	499	215	5	1	484	31	518	9.88e-167	487
FinalAssembly_bactGenome_correctedΩLimnothrix_sp_HT2024_chromosome_2593	UniRef100_K9X0W0~K07636	39.2	495	212	9	2	489	19	431	3.53e-103	322
FinalAssembly_bactGenome_correctedΩLimnothrix_sp_HT2024_chromosome_2208	UniRef100_K9TY67~K03545	47.1	446	236	0	1	446	1	446	1.01e-139	416
FinalAssembly_bactGenome_correctedΩLimnothrix_sp_HT2024_chromosome_1456	UniRef100_K9S7L2~K02005	54.0	433	197	2	62	494	16	446	6.85e-130	390
FinalAssembly_bactGenome_correctedΩLimnothrix_sp_HT2024_chromosome_1257	UniRef100_B1WTA8~K07080	38.0	471	291	1	13	483	9	478	7.51e-106	330
FinalAssembly_bactGenome_correctedΩLimnothrix_sp_HT2024_chromosome_2468	UniRef100_K9TB49~K00705	58.1	494	207	0	3	496	5	498	9.80e-214	605
FinalAssembly_bactGenome_correctedΩLimnothrix_sp_HT2024_chromosome_1968	UniRef100_A0A0X8WV07~K19003	53.0	468	196	4	27	489	37	485	1.59e-159	467
FinalAssembly_bactGenome_correctedΩLimnothrix_sp_HT2024_chromosome_2178	UniRef100_K9WLN1~K00382	77.8	477	102	1	14	490	3	475	5.52e-269	744
FinalAssembly_bactGenome_correctedΩLimnothrix_sp_HT2024_chromosome_1775	UniRef100_K9VVX8~K00231	56.6	475	199	3	19	493	2	469	4.83e-183	526
FinalAssembly_bactGenome_correctedΩLimnothrix_sp_HT2024_chromosome_715	UniRef100_D5WUW0~K00520	34.5	490	278	9	9	474	67	537	1.56e-67	232
FinalAssembly_bactGenome_correctedΩLimnothrix_sp_HT2024_chromosome_483	UniRef100_A0A0F6W093~K00464	34.0	473	281	9	34	494	48	501	1.88e-72	244
FinalAssembly_bactGenome_correctedΩLimnothrix_sp_HT2024_chromosome_1449	UniRef100_A0A1Y0INP6~K01585	41.2	469	267	4	25	491	7	468	2.89e-97	307
FinalAssembly_bactGenome_correctedΩLimnothrix_sp_HT2024_chromosome_3414	UniRef100_A0A1Y0RW95~K00104	76.2	483	115	0	13	495	10	492	2.73e-281	776
FinalAssembly_bactGenome_correctedΩLimnothrix_sp_HT2024_chromosome_990	UniRef100_B2IW14~K08884	47.2	492	218	6	1	485	1	457	4.68e-137	409
FinalAssembly_bactGenome_correctedΩLimnothrix_sp_HT2024_chromosome_938	UniRef100_K9W8W8~K06883	48.5	464	211	5	8	458	11	459	4.90e-132	396
FinalAssembly_bactGenome_correctedΩLimnothrix_sp_HT2024_chromosome_874	UniRef100_K9TII6~K02434	80.4	494	97	0	1	494	1	494	1.13e-294	810
FinalAssembly_bactGenome_correctedΩLimnothrix_sp_HT2024_chromosome_364	UniRef100_K9PMX7~K01176	78.8	490	104	0	1	490	1	490	2.77e-313	857
FinalAssembly_bactGenome_correctedΩLimnothrix_sp_HT2024_chromosome_82	UniRef100_K9XCY3~K00764	79.2	472	98	0	16	487	22	493	5.11e-275	760
FinalAssembly_bactGenome_correctedΩLimnothrix_sp_HT2024_chromosome_719	UniRef100_K9VFC6~K01768	48.3	464	224	7	8	462	12	468	3.46e-129	389
FinalAssembly_bactGenome_correctedΩLimnothrix_sp_HT2024_chromosome_933	UniRef100_A0A0X8WRD9~K01176	62.2	489	183	2	3	490	51	538	8.09e-233	656
FinalAssembly_bactGenome_correctedΩLimnothrix_sp_HT2024_chromosome_1875	UniRef100_A0A0H2ZWE5~K18912	31.3	447	240	19	47	483	34	423	9.37e-41	157
FinalAssembly_bactGenome_correctedΩLimnothrix_sp_HT2024_chromosome_1228	UniRef100_Q7NHP0~K02005	34.2	441	237	10	53	488	39	431	1.19e-29	127
FinalAssembly_bactGenome_correctedΩLimnothrix_sp_HT2024_chromosome_3110	UniRef100_K9TTM5~K13541	74.0	489	111	3	1	489	1	473	2.17e-254	707
FinalAssembly_bactGenome_correctedΩLimnothrix_sp_HT2024_chromosome_3084	UniRef100_B2KAY4~K01840	32.4	475	303	9	13	485	4	462	2.90e-65	224
FinalAssembly_bactGenome_correctedΩLimnothrix_sp_HT2024_chromosome_3532	UniRef100_E0U9E8~K03568	77.7	489	109	0	1	489	1	489	2.86e-290	798
FinalAssembly_bactGenome_correctedΩLimnothrix_sp_HT2024_chromosome_52	UniRef100_A0A1Y0RNU9~K02552	44.0	473	248	5	17	489	17	472	2.83e-116	356
FinalAssembly_bactGenome_correctedΩLimnothrix_sp_HT2024_chromosome_3474	UniRef100_K9W8U6~K06883	43.3	487	249	6	11	481	6	481	1.30e-111	345
FinalAssembly_bactGenome_correctedΩLimnothrix_sp_HT2024_chromosome_734	UniRef100_K9TCB6~K03406	32.5	437	251	10	12	418	6	428	5.31e-31	132
FinalAssembly_bactGenome_correctedΩLimnothrix_sp_HT2024_chromosome_2776	UniRef100_A0A110AXR6~K02433	79.6	485	98	1	1	484	1	485	2.54e-280	773
FinalAssembly_bactGenome_correctedΩLimnothrix_sp_HT2024_chromosome_55	UniRef100_K9U325~K01911	43.8	464	219	10	30	481	16	449	1.49e-107	333
FinalAssembly_bactGenome_correctedΩLimnothrix_sp_HT2024_chromosome_1901	UniRef100_K9VT39~K03547	68.1	408	124	2	1	407	1	403	4.00e-197	560
FinalAssembly_bactGenome_correctedΩLimnothrix_sp_HT2024_chromosome_502	UniRef100_W5WSI6~K06048	36.4	506	275	10	20	483	80	580	8.54e-96	307
FinalAssembly_bactGenome_correctedΩLimnothrix_sp_HT2024_chromosome_1608	UniRef100_A0A1W5CP08~K04759	72.4	479	129	2	7	482	7	485	7.63e-242	676
FinalAssembly_bactGenome_correctedΩLimnothrix_sp_HT2024_chromosome_3204	UniRef100_A0A0T7BW19~K02112	91.0	480	43	0	1	480	1	480	3.51e-313	856
FinalAssembly_bactGenome_correctedΩLimnothrix_sp_HT2024_chromosome_2510	UniRef100_K9S9X4~K00514	80.0	475	94	1	1	475	1	474	8.25e-284	782
FinalAssembly_bactGenome_correctedΩLimnothrix_sp_HT2024_chromosome_1049	UniRef100_K9XC08~K00703	76.9	476	103	2	1	476	29	497	1.04e-291	803
FinalAssembly_bactGenome_correctedΩLimnothrix_sp_HT2024_chromosome_3446	UniRef100_A0A1Z3HME5~K01885	66.7	481	158	2	1	480	1	480	4.50e-232	650
FinalAssembly_bactGenome_correctedΩLimnothrix_sp_HT2024_chromosome_2956	UniRef100_K9W469~K03654	51.9	478	225	3	4	477	9	485	2.12e-170	494
FinalAssembly_bactGenome_correctedΩLimnothrix_sp_HT2024_chromosome_1810	UniRef100_K9XHF5~K18814	56.8	474	194	4	9	481	6	469	1.56e-176	509
FinalAssembly_bactGenome_correctedΩLimnothrix_sp_HT2024_chromosome_536	UniRef100_A0A023RQV7~K08997	35.2	458	266	10	25	479	16	445	6.37e-68	231
FinalAssembly_bactGenome_correctedΩLimnothrix_sp_HT2024_chromosome_674	UniRef100_K9W4Z8~K11754	55.4	415	181	3	55	466	3	416	1.06e-146	431
FinalAssembly_bactGenome_correctedΩLimnothrix_sp_HT2024_chromosome_3593	UniRef100_B7JV40~K00325	68.8	478	146	2	1	478	1	475	5.22e-219	617
FinalAssembly_bactGenome_correctedΩLimnothrix_sp_HT2024_chromosome_1219	UniRef100_D4ZZW1~K00436	77.5	479	104	2	1	478	1	476	1.54e-279	770
FinalAssembly_bactGenome_correctedΩLimnothrix_sp_HT2024_chromosome_2770	UniRef100_K9TQI0~K09691	59.6	463	180	2	1	463	1	456	6.11e-187	535
FinalAssembly_bactGenome_correctedΩLimnothrix_sp_HT2024_chromosome_159	UniRef100_K9QXB8~K09014	89.1	479	51	1	1	478	1	479	5.41e-315	860
FinalAssembly_bactGenome_correctedΩLimnothrix_sp_HT2024_chromosome_3172	UniRef100_K9U8Z2~K01465	75.3	449	102	2	25	473	1	440	2.49e-239	667
FinalAssembly_bactGenome_correctedΩLimnothrix_sp_HT2024_chromosome_1360	UniRef100_A0A1W5CH73~K00493	46.0	470	237	2	1	470	1	453	1.53e-138	412
FinalAssembly_bactGenome_correctedΩLimnothrix_sp_HT2024_chromosome_201	UniRef100_K9VJU3~K01768	42.4	413	195	7	57	467	26	397	1.05e-85	275
FinalAssembly_bactGenome_correctedΩLimnothrix_sp_HT2024_chromosome_1750	UniRef100_A0A0X8WQV1~K01586	70.3	438	121	1	44	472	1	438	1.74e-232	650
FinalAssembly_bactGenome_correctedΩLimnothrix_sp_HT2024_chromosome_3046	UniRef100_K9S7A0~K01883	67.7	493	138	6	1	474	1	491	7.12e-239	668
FinalAssembly_bactGenome_correctedΩLimnothrix_sp_HT2024_chromosome_2641	UniRef100_B8HSB1~K00873	78.4	473	101	1	1	473	1	472	2.38e-263	729
FinalAssembly_bactGenome_correctedΩLimnothrix_sp_HT2024_chromosome_793	UniRef100_A4YNV3~K19661	32.1	418	234	13	53	465	80	452	2.80e-41	159
FinalAssembly_bactGenome_correctedΩLimnothrix_sp_HT2024_chromosome_1	UniRef100_B0CDM2~K02313	76.6	465	99	2	4	468	1	455	4.34e-252	700
FinalAssembly_bactGenome_correctedΩLimnothrix_sp_HT2024_chromosome_3253	UniRef100_K9WA60~K03292	66.4	464	144	4	11	465	20	480	1.19e-202	576
FinalAssembly_bactGenome_correctedΩLimnothrix_sp_HT2024_chromosome_3101	UniRef100_A0A1D8TLJ1~K02027	40.3	474	264	8	2	470	1	460	3.71e-118	360
FinalAssembly_bactGenome_correctedΩLimnothrix_sp_HT2024_chromosome_1463	UniRef100_V5V441~K01601	93.5	475	30	1	1	474	1	475	0.0	926
FinalAssembly_bactGenome_correctedΩLimnothrix_sp_HT2024_chromosome_673	UniRef100_K9W7S5~K02669	63.4	382	139	1	86	466	56	437	5.30e-170	491
FinalAssembly_bactGenome_correctedΩLimnothrix_sp_HT2024_chromosome_493	UniRef100_K9Z459~K00031	81.0	473	90	0	1	473	1	473	1.03e-294	808
FinalAssembly_bactGenome_correctedΩLimnothrix_sp_HT2024_chromosome_2912	UniRef100_A0A1Z4RNY0~K01915	81.7	470	85	1	3	472	4	472	1.28e-301	826
FinalAssembly_bactGenome_correctedΩLimnothrix_sp_HT2024_chromosome_1932	UniRef100_D3P1R9~K19661	30.1	435	257	10	22	454	61	450	2.33e-46	173
FinalAssembly_bactGenome_correctedΩLimnothrix_sp_HT2024_chromosome_662	UniRef100_A0A1Z3HQ26~K00033	79.5	468	96	0	1	468	1	468	5.14e-269	743
FinalAssembly_bactGenome_correctedΩLimnothrix_sp_HT2024_chromosome_2820	UniRef100_K9PLY8~K01669	68.5	476	146	2	1	472	18	493	3.02e-240	671
FinalAssembly_bactGenome_correctedΩLimnothrix_sp_HT2024_chromosome_2562	UniRef100_K7WCW9~K02232	47.7	486	226	3	6	463	1	486	9.15e-158	462
FinalAssembly_bactGenome_correctedΩLimnothrix_sp_HT2024_chromosome_1183	UniRef100_K9WCZ0~K07399	66.4	441	140	2	21	461	12	444	7.28e-211	595
FinalAssembly_bactGenome_correctedΩLimnothrix_sp_HT2024_chromosome_2732	UniRef100_K9S4I8~K11520	57.2	472	154	9	1	456	1	440	3.01e-165	479
FinalAssembly_bactGenome_correctedΩLimnothrix_sp_HT2024_chromosome_1308	UniRef100_K9VP28~K00128	63.9	451	163	0	19	469	5	455	4.04e-209	591
FinalAssembly_bactGenome_correctedΩLimnothrix_sp_HT2024_chromosome_1019	UniRef100_A0A0X8WRF4~K01755	83.9	459	74	0	1	459	1	459	1.01e-277	765
FinalAssembly_bactGenome_correctedΩLimnothrix_sp_HT2024_chromosome_104	UniRef100_K9XGQ3~K03072	67.0	464	150	2	1	462	1	463	4.50e-205	581
FinalAssembly_bactGenome_correctedΩLimnothrix_sp_HT2024_chromosome_3489	UniRef100_K9SDE6~K01744	85.4	466	68	0	1	466	1	466	9.08e-282	775
FinalAssembly_bactGenome_correctedΩLimnothrix_sp_HT2024_chromosome_887	UniRef100_K9RTN0~K02293	78.9	451	95	0	1	451	1	451	7.18e-266	735
FinalAssembly_bactGenome_correctedΩLimnothrix_sp_HT2024_chromosome_3522	UniRef100_A0A0S3TGL0~K01262	63.2	438	153	1	27	464	4	433	2.31e-205	580
FinalAssembly_bactGenome_correctedΩLimnothrix_sp_HT2024_chromosome_2626	UniRef100_A0A0X8WW66~K01703	84.2	469	72	1	1	469	1	467	2.01e-284	782
FinalAssembly_bactGenome_correctedΩLimnothrix_sp_HT2024_chromosome_2199	UniRef100_K9S557~K06213	63.0	454	167	1	11	463	8	461	4.66e-176	507
FinalAssembly_bactGenome_correctedΩLimnothrix_sp_HT2024_chromosome_1535	UniRef100_A0A0K2LYX7~K04038	83.2	469	77	1	1	469	1	467	3.23e-297	814
FinalAssembly_bactGenome_correctedΩLimnothrix_sp_HT2024_chromosome_1271	UniRef100_A0A0S3P834~K03650	74.0	461	112	3	10	469	10	463	1.59e-231	648
FinalAssembly_bactGenome_correctedΩLimnothrix_sp_HT2024_chromosome_3090	UniRef100_K9VBN3~K03087	77.4	381	82	2	89	468	44	421	1.48e-190	542
FinalAssembly_bactGenome_correctedΩLimnothrix_sp_HT2024_chromosome_1253	UniRef100_K9VBK0~K11473	69.1	459	139	1	4	462	11	466	1.93e-233	653
FinalAssembly_bactGenome_correctedΩLimnothrix_sp_HT2024_chromosome_592	UniRef100_E1SIW6~K02495	50.1	459	221	4	10	467	6	457	1.64e-156	457
FinalAssembly_bactGenome_correctedΩLimnothrix_sp_HT2024_chromosome_1358	UniRef100_K9TL19~K00128	51.8	452	215	3	13	464	8	456	1.05e-162	473
FinalAssembly_bactGenome_correctedΩLimnothrix_sp_HT2024_chromosome_3521	UniRef100_K9TMK7~K03568	80.6	465	90	0	1	465	1	465	6.25e-275	758
FinalAssembly_bactGenome_correctedΩLimnothrix_sp_HT2024_chromosome_1359	UniRef100_A0A1W5CHF1~K00854	52.5	434	177	4	15	447	5	410	6.65e-142	418
FinalAssembly_bactGenome_correctedΩLimnothrix_sp_HT2024_chromosome_660	UniRef100_K9S7N6~K00027	72.6	464	125	1	1	464	1	462	1.50e-228	640
FinalAssembly_bactGenome_correctedΩLimnothrix_sp_HT2024_chromosome_2390	UniRef100_K9TFY6~K00558	53.5	465	160	6	1	464	19	428	2.36e-157	458
FinalAssembly_bactGenome_correctedΩLimnothrix_sp_HT2024_chromosome_2057	UniRef100_K9VZM8~K02669	64.1	390	138	1	77	464	56	445	1.36e-176	508
FinalAssembly_bactGenome_correctedΩLimnothrix_sp_HT2024_chromosome_1981	UniRef100_K9S7D4~K07259	46.5	432	188	5	34	456	33	430	3.86e-119	361
FinalAssembly_bactGenome_correctedΩLimnothrix_sp_HT2024_chromosome_310	UniRef100_K9QD18~K03215	62.9	447	165	1	14	460	5	450	4.32e-206	583
FinalAssembly_bactGenome_correctedΩLimnothrix_sp_HT2024_chromosome_161	UniRef100_B8HQU6~K09015	50.6	435	204	6	34	460	19	450	8.98e-136	404
FinalAssembly_bactGenome_correctedΩLimnothrix_sp_HT2024_chromosome_2191	UniRef100_B7KDP1~K00721	62.0	382	133	2	82	453	37	416	1.10e-161	469
FinalAssembly_bactGenome_correctedΩLimnothrix_sp_HT2024_chromosome_913	UniRef100_K9Z111~K03147	93.7	460	29	0	2	461	1	460	0.0	884
FinalAssembly_bactGenome_correctedΩLimnothrix_sp_HT2024_chromosome_582	UniRef100_B8HJV5~K00135	61.1	463	180	0	1	463	1	463	9.03e-194	552
FinalAssembly_bactGenome_correctedΩLimnothrix_sp_HT2024_chromosome_2993	UniRef100_K9T492~K00384	71.1	454	126	2	10	461	5	455	1.33e-232	650
FinalAssembly_bactGenome_correctedΩLimnothrix_sp_HT2024_chromosome_2077	UniRef100_K9TA02~K04094	81.4	447	82	1	1	447	1	446	3.47e-271	748
FinalAssembly_bactGenome_correctedΩLimnothrix_sp_HT2024_chromosome_2023	UniRef100_A0A0X8WVJ2~K02705	91.1	461	41	0	1	461	1	461	0.0	897
FinalAssembly_bactGenome_correctedΩLimnothrix_sp_HT2024_chromosome_1296	UniRef100_K9Q8T7~K00763	63.9	449	158	2	5	450	3	450	4.22e-182	522
FinalAssembly_bactGenome_correctedΩLimnothrix_sp_HT2024_chromosome_997	UniRef100_K9SD25~K01262	62.0	453	168	1	5	457	8	456	1.65e-190	543
FinalAssembly_bactGenome_correctedΩLimnothrix_sp_HT2024_chromosome_3664	UniRef100_Q55364~K03327	80.0	455	91	0	1	455	1	455	2.72e-262	725
FinalAssembly_bactGenome_correctedΩLimnothrix_sp_HT2024_chromosome_2847	UniRef100_K9QQL9~K08304	59.7	382	145	4	88	460	36	417	1.50e-150	440
FinalAssembly_bactGenome_correctedΩLimnothrix_sp_HT2024_chromosome_605	UniRef100_A0A0K2M1G3~K03797	65.8	395	133	2	66	460	41	433	1.23e-173	500
FinalAssembly_bactGenome_correctedΩLimnothrix_sp_HT2024_chromosome_1488	UniRef100_A0A0H3KC69~K02005	49.5	430	190	3	26	455	18	420	3.29e-78	255
FinalAssembly_bactGenome_correctedΩLimnothrix_sp_HT2024_chromosome_1125	UniRef100_F2NFF0~K02224	47.8	450	222	8	6	450	19	460	4.78e-129	387
FinalAssembly_bactGenome_correctedΩLimnothrix_sp_HT2024_chromosome_2845	UniRef100_K9S6R2~K11950	73.7	452	107	2	8	457	6	447	1.03e-251	698
FinalAssembly_bactGenome_correctedΩLimnothrix_sp_HT2024_chromosome_1807	UniRef100_K9V056~K00425	83.0	458	78	0	1	458	23	480	1.00e-282	778
FinalAssembly_bactGenome_correctedΩLimnothrix_sp_HT2024_chromosome_311	UniRef100_Q2JN94~K03496	41.1	450	246	9	12	457	13	447	1.67e-100	313
FinalAssembly_bactGenome_correctedΩLimnothrix_sp_HT2024_chromosome_3187	UniRef100_K9TJN1~K00383	67.7	455	137	4	3	457	4	448	4.56e-210	592
FinalAssembly_bactGenome_correctedΩLimnothrix_sp_HT2024_chromosome_2837	UniRef100_K9S2J6~K03592	69.9	432	121	2	23	454	13	435	7.40e-218	612
FinalAssembly_bactGenome_correctedΩLimnothrix_sp_HT2024_chromosome_3422	UniRef100_K9S9W3~K09942	67.8	453	97	7	5	455	3	408	4.77e-207	583
FinalAssembly_bactGenome_correctedΩLimnothrix_sp_HT2024_chromosome_2849	UniRef100_A0A120MV88~K01925	64.1	471	143	6	1	449	15	481	1.77e-196	559
FinalAssembly_bactGenome_correctedΩLimnothrix_sp_HT2024_chromosome_1837	UniRef100_A0A1Y0RKD0~K03544	82.5	458	66	2	1	456	1	446	3.60e-267	737
FinalAssembly_bactGenome_correctedΩLimnothrix_sp_HT2024_chromosome_3276	UniRef100_K9TA99~K01929	59.6	441	174	1	11	447	5	445	2.18e-177	509
FinalAssembly_bactGenome_correctedΩLimnothrix_sp_HT2024_chromosome_2365	UniRef100_K9SIS0~K11527	34.2	448	227	13	2	428	18	418	4.53e-56	197
FinalAssembly_bactGenome_correctedΩLimnothrix_sp_HT2024_chromosome_3543	UniRef100_A0A1Z3HPB5~K02314	69.7	445	135	0	1	445	1	445	4.18e-224	628
FinalAssembly_bactGenome_correctedΩLimnothrix_sp_HT2024_chromosome_2289	UniRef100_U5QIQ2~K00790	49.0	431	213	4	28	453	22	450	2.79e-132	395
FinalAssembly_bactGenome_correctedΩLimnothrix_sp_HT2024_chromosome_2064	UniRef100_K7W7Y9~K00558	58.4	445	184	1	7	450	9	453	9.92e-182	521
FinalAssembly_bactGenome_correctedΩLimnothrix_sp_HT2024_chromosome_1731	UniRef100_A0A109RCV8~K01928	32.5	461	265	10	13	451	8	444	3.32e-63	217
FinalAssembly_bactGenome_correctedΩLimnothrix_sp_HT2024_chromosome_3296	UniRef100_K9T116~K03977	75.7	452	110	0	1	452	1	452	6.40e-259	716
FinalAssembly_bactGenome_correctedΩLimnothrix_sp_HT2024_chromosome_2967	UniRef100_D5A5U8~K01961	84.0	449	72	0	1	449	1	449	3.05e-278	765
FinalAssembly_bactGenome_correctedΩLimnothrix_sp_HT2024_chromosome_3418	UniRef100_Q8DLT5~K04042	68.3	445	141	0	1	445	1	445	2.53e-196	557
FinalAssembly_bactGenome_correctedΩLimnothrix_sp_HT2024_chromosome_3318	UniRef100_K9S603~K00012	78.5	461	86	3	1	450	1	459	1.75e-260	720
FinalAssembly_bactGenome_correctedΩLimnothrix_sp_HT2024_chromosome_3100	UniRef100_A0A125STN8~K06168	83.1	451	76	0	1	451	1	451	7.34e-283	776
FinalAssembly_bactGenome_correctedΩLimnothrix_sp_HT2024_chromosome_3010	UniRef100_K9S331~K03498	62.5	451	162	2	1	451	1	444	1.82e-185	530
FinalAssembly_bactGenome_correctedΩLimnothrix_sp_HT2024_chromosome_62	UniRef100_D4ZUH9~K01736	82.0	362	65	0	86	447	1	362	6.42e-219	611
FinalAssembly_bactGenome_correctedΩLimnothrix_sp_HT2024_chromosome_1858	UniRef100_K9QUS2~K01733	83.5	419	68	1	33	450	16	434	1.43e-257	712
FinalAssembly_bactGenome_correctedΩLimnothrix_sp_HT2024_chromosome_3059	UniRef100_K9XB35~K00800	75.8	442	105	2	5	446	4	443	7.48e-235	655
FinalAssembly_bactGenome_correctedΩLimnothrix_sp_HT2024_chromosome_1867	UniRef100_K9PNB5~K11954	66.3	419	131	2	38	446	20	438	2.29e-187	534
FinalAssembly_bactGenome_correctedΩLimnothrix_sp_HT2024_chromosome_3166	UniRef100_K7W3P1~K01945	64.1	423	148	1	1	423	5	423	1.99e-191	544
FinalAssembly_bactGenome_correctedΩLimnothrix_sp_HT2024_chromosome_1890	UniRef100_A0A0K2LY55~K02005	44.2	432	241	0	15	446	9	440	2.45e-112	343
FinalAssembly_bactGenome_correctedΩLimnothrix_sp_HT2024_chromosome_192	UniRef100_A0A0S3PK84~K03543	58.5	436	151	3	41	448	47	480	6.12e-103	320
FinalAssembly_bactGenome_correctedΩLimnothrix_sp_HT2024_chromosome_2213	UniRef100_B2IXT7~K21471	36.7	395	235	2	52	446	22	401	1.82e-69	231
FinalAssembly_bactGenome_correctedΩLimnothrix_sp_HT2024_chromosome_1290	UniRef100_F2NPW7~K11690	35.1	430	259	8	18	444	15	427	3.51e-57	200
FinalAssembly_bactGenome_correctedΩLimnothrix_sp_HT2024_chromosome_205	UniRef100_K9TJ59~K01903	43.7	462	171	6	1	443	1	392	3.72e-105	323
FinalAssembly_bactGenome_correctedΩLimnothrix_sp_HT2024_chromosome_855	UniRef100_A0A0K1S4Z0~K15576	71.9	452	107	2	1	444	1	440	1.55e-236	659
FinalAssembly_bactGenome_correctedΩLimnothrix_sp_HT2024_chromosome_3531	UniRef100_K9U6R9~K03592	66.0	444	149	1	4	445	3	446	2.83e-212	597
FinalAssembly_bactGenome_correctedΩLimnothrix_sp_HT2024_chromosome_2131	UniRef100_K9SEQ4~K03208	66.2	429	136	3	1	429	1	420	3.53e-198	561
FinalAssembly_bactGenome_correctedΩLimnothrix_sp_HT2024_chromosome_2087	UniRef100_K9SAW9~K03699	59.6	428	173	0	1	428	1	428	1.28e-170	492
FinalAssembly_bactGenome_correctedΩLimnothrix_sp_HT2024_chromosome_2466	UniRef100_K9S6U5~K01696	86.6	419	48	2	33	443	16	434	7.95e-267	735
FinalAssembly_bactGenome_correctedΩLimnothrix_sp_HT2024_chromosome_1764	UniRef100_A0A0S3U7R2~K01939	82.9	438	75	0	1	438	1	438	1.97e-274	754
FinalAssembly_bactGenome_correctedΩLimnothrix_sp_HT2024_chromosome_408	UniRef100_K9WE38~K00748	58.5	429	159	3	20	436	5	426	9.31e-172	494
FinalAssembly_bactGenome_correctedΩLimnothrix_sp_HT2024_chromosome_3334	UniRef100_B0JYB5~K02051	68.8	407	113	2	33	438	7	400	1.21e-201	568
FinalAssembly_bactGenome_correctedΩLimnothrix_sp_HT2024_chromosome_3150	UniRef100_P0A4H0~K03076	76.4	440	101	2	1	439	1	438	4.57e-234	652
FinalAssembly_bactGenome_correctedΩLimnothrix_sp_HT2024_chromosome_2299	UniRef100_Q6ZEU4~K17218	62.0	421	155	2	1	421	1	416	9.97e-193	547
FinalAssembly_bactGenome_correctedΩLimnothrix_sp_HT2024_chromosome_1595	UniRef100_K9U2V8~K11959	77.3	440	99	1	1	439	1	440	2.05e-254	704
FinalAssembly_bactGenome_correctedΩLimnothrix_sp_HT2024_chromosome_1398	UniRef100_M1BAZ8~K17839	34.9	441	263	10	6	430	23	455	2.77e-64	220
FinalAssembly_bactGenome_correctedΩLimnothrix_sp_HT2024_chromosome_722	UniRef100_A0A0X8WV45~K14441	78.7	437	93	0	1	437	1	437	4.82e-258	713
FinalAssembly_bactGenome_correctedΩLimnothrix_sp_HT2024_chromosome_1170	UniRef100_B1XPH2~K07263	53.4	416	193	1	21	436	14	428	1.46e-155	452
FinalAssembly_bactGenome_correctedΩLimnothrix_sp_HT2024_chromosome_3646	UniRef100_K9SIS0~K11527	35.0	449	216	13	9	435	22	416	4.51e-60	207
FinalAssembly_bactGenome_correctedΩLimnothrix_sp_HT2024_chromosome_2962	UniRef100_A0A1B4K336~K02482	35.4	378	213	9	65	432	22	378	3.11e-54	191
FinalAssembly_bactGenome_correctedΩLimnothrix_sp_HT2024_chromosome_1468	UniRef100_K9SB12~K17244	57.0	426	172	3	14	432	3	424	1.89e-166	480
FinalAssembly_bactGenome_correctedΩLimnothrix_sp_HT2024_chromosome_406	UniRef100_K9S7E6~K00147	72.1	438	119	2	1	437	1	436	6.33e-212	596
FinalAssembly_bactGenome_correctedΩLimnothrix_sp_HT2024_chromosome_2941	UniRef100_A0A0S3TSH9~K02005	55.0	424	187	2	10	429	10	433	2.12e-81	263
FinalAssembly_bactGenome_correctedΩLimnothrix_sp_HT2024_chromosome_2924	UniRef100_K9S3S2~K03797	72.5	415	112	2	1	414	1	414	1.72e-212	597
FinalAssembly_bactGenome_correctedΩLimnothrix_sp_HT2024_chromosome_1786	UniRef100_K9XIX7~K00013	79.5	429	88	0	1	429	1	429	5.58e-231	644
FinalAssembly_bactGenome_correctedΩLimnothrix_sp_HT2024_chromosome_1589	UniRef100_K9W7T6~K09458	81.3	411	76	1	25	435	7	416	3.27e-244	677
FinalAssembly_bactGenome_correctedΩLimnothrix_sp_HT2024_chromosome_642	UniRef100_B1I646~K03699	37.1	428	256	6	12	434	10	429	2.26e-76	250
FinalAssembly_bactGenome_correctedΩLimnothrix_sp_HT2024_chromosome_2526	UniRef100_A0A250IQY1~K07263	30.4	425	273	6	14	431	32	440	6.58e-43	162
FinalAssembly_bactGenome_correctedΩLimnothrix_sp_HT2024_chromosome_3615	UniRef100_E0UDP3~K11527	34.8	425	213	14	16	427	3	376	2.58e-57	199
FinalAssembly_bactGenome_correctedΩLimnothrix_sp_HT2024_chromosome_3237	UniRef100_K9VBA7~K01465	49.1	436	218	2	1	432	1	436	5.90e-133	395
FinalAssembly_bactGenome_correctedΩLimnothrix_sp_HT2024_chromosome_645	UniRef100_K9WH10~K08218	67.8	400	129	0	31	430	1	400	2.41e-185	527
FinalAssembly_bactGenome_correctedΩLimnothrix_sp_HT2024_chromosome_3415	UniRef100_A0A075PJ02~K04691	37.9	356	203	7	78	428	34	376	1.00e-66	223
FinalAssembly_bactGenome_correctedΩLimnothrix_sp_HT2024_chromosome_2145	UniRef100_K9RW29~K00558	61.2	417	159	2	1	417	1	414	6.97e-179	512
FinalAssembly_bactGenome_correctedΩLimnothrix_sp_HT2024_chromosome_2639	UniRef100_A0A1D8TSZ6~K07007	59.1	435	152	4	3	424	1	422	1.94e-175	503
FinalAssembly_bactGenome_correctedΩLimnothrix_sp_HT2024_chromosome_2238	UniRef100_Q8YR11~K02005	59.2	426	173	1	1	426	5	429	1.41e-105	325
FinalAssembly_bactGenome_correctedΩLimnothrix_sp_HT2024_chromosome_1254	UniRef100_K9T394~K11472	45.7	398	202	5	39	431	39	427	3.51e-105	324
FinalAssembly_bactGenome_correctedΩLimnothrix_sp_HT2024_chromosome_236	UniRef100_B8HYK1~K01845	84.0	432	69	0	1	432	1	432	3.02e-270	743
FinalAssembly_bactGenome_correctedΩLimnothrix_sp_HT2024_chromosome_3365	UniRef100_K9SDT2~K00262	73.6	424	112	0	3	426	2	425	1.42e-230	642
FinalAssembly_bactGenome_correctedΩLimnothrix_sp_HT2024_chromosome_2574	UniRef100_A0A0X8WU95~K01875	74.9	422	105	1	1	421	13	434	1.70e-224	627
FinalAssembly_bactGenome_correctedΩLimnothrix_sp_HT2024_chromosome_2530	UniRef100_A0A1Y0RTS5~K03185	56.5	398	167	3	27	423	24	416	6.95e-145	425
FinalAssembly_bactGenome_correctedΩLimnothrix_sp_HT2024_chromosome_2303	UniRef100_A0A120MWR1~K07114	57.9	428	157	5	5	430	5	411	7.26e-150	437
FinalAssembly_bactGenome_correctedΩLimnothrix_sp_HT2024_chromosome_1759	UniRef100_K9XFG9~K01689	79.2	428	89	0	1	428	2	429	1.73e-238	662
FinalAssembly_bactGenome_correctedΩLimnothrix_sp_HT2024_chromosome_1720	UniRef100_K9VX47~K01756	82.6	431	75	0	1	431	5	435	6.34e-261	719
FinalAssembly_bactGenome_correctedΩLimnothrix_sp_HT2024_chromosome_224	UniRef100_A0A0X8WUD0~K01892	74.5	419	107	0	1	419	1	419	2.97e-222	621
FinalAssembly_bactGenome_correctedΩLimnothrix_sp_HT2024_chromosome_2486	UniRef100_D5A161~K00627	71.5	432	120	2	1	430	1	431	3.15e-175	502
FinalAssembly_bactGenome_correctedΩLimnothrix_sp_HT2024_chromosome_1062	UniRef100_D5A1V5~K01772	71.8	358	99	1	31	388	19	374	5.16e-189	536
FinalAssembly_bactGenome_correctedΩLimnothrix_sp_HT2024_chromosome_250	UniRef100_K9XFQ3~K00003	67.1	432	140	1	1	430	1	432	3.45e-201	568
FinalAssembly_bactGenome_correctedΩLimnothrix_sp_HT2024_chromosome_3118	UniRef100_K9SC60~K01251	85.9	417	59	0	13	429	9	425	5.22e-257	709
FinalAssembly_bactGenome_correctedΩLimnothrix_sp_HT2024_chromosome_2979	UniRef100_A0A0S3U2V3~K09792	54.5	407	172	5	1	404	1	397	5.15e-147	429
FinalAssembly_bactGenome_correctedΩLimnothrix_sp_HT2024_chromosome_1614	UniRef100_A0A0D6BHK8~K02482	35.7	428	215	14	30	419	54	459	2.27e-61	212
FinalAssembly_bactGenome_correctedΩLimnothrix_sp_HT2024_chromosome_811	UniRef100_K9S8C7~K00975	78.2	431	92	1	1	429	1	431	3.12e-248	687
FinalAssembly_bactGenome_correctedΩLimnothrix_sp_HT2024_chromosome_3103	UniRef100_A0A0C5EN74~K02482	37.8	405	198	13	51	426	82	461	3.95e-61	211
FinalAssembly_bactGenome_correctedΩLimnothrix_sp_HT2024_chromosome_3034	UniRef100_K9ZFD3~K02492	78.0	422	93	0	1	422	1	422	3.31e-221	619
FinalAssembly_bactGenome_correctedΩLimnothrix_sp_HT2024_chromosome_2942	UniRef100_K9VJ28~K02004	63.3	384	141	0	45	428	11	394	1.30e-174	499
FinalAssembly_bactGenome_correctedΩLimnothrix_sp_HT2024_chromosome_960	UniRef100_B1XPH2~K07263	40.1	421	246	4	12	427	7	426	2.12e-93	293
FinalAssembly_bactGenome_correctedΩLimnothrix_sp_HT2024_chromosome_1317	UniRef100_B2IU17~K11522	30.8	373	237	8	22	384	23	384	2.23e-45	167
FinalAssembly_bactGenome_correctedΩLimnothrix_sp_HT2024_chromosome_264	UniRef100_K9S1P3~K00600	82.9	427	73	0	1	427	1	427	1.03e-263	726
FinalAssembly_bactGenome_correctedΩLimnothrix_sp_HT2024_chromosome_2260	UniRef100_K9SBL8~K00639	76.8	426	99	0	1	426	1	426	9.42e-241	668
FinalAssembly_bactGenome_correctedΩLimnothrix_sp_HT2024_chromosome_932	UniRef100_K9SIS0~K11527	36.4	434	219	12	11	426	24	418	1.18e-60	208
FinalAssembly_bactGenome_correctedΩLimnothrix_sp_HT2024_chromosome_308	UniRef100_K9S483~K03601	54.3	411	180	2	9	414	8	415	8.75e-139	409
FinalAssembly_bactGenome_correctedΩLimnothrix_sp_HT2024_chromosome_1563	UniRef100_A0A1W5CF67~K01758	73.0	403	109	0	17	419	7	409	1.32e-210	591
FinalAssembly_bactGenome_correctedΩLimnothrix_sp_HT2024_chromosome_1476	UniRef100_A0A0X8WQ31~K03527	76.3	400	95	0	23	422	1	400	2.79e-229	638
FinalAssembly_bactGenome_correctedΩLimnothrix_sp_HT2024_chromosome_879	UniRef100_K9XA28~K03531	73.2	392	102	2	36	425	31	421	1.24e-183	523
FinalAssembly_bactGenome_correctedΩLimnothrix_sp_HT2024_chromosome_566	UniRef100_K9W2E2~K00790	69.2	409	124	2	6	412	17	425	6.54e-199	563
FinalAssembly_bactGenome_correctedΩLimnothrix_sp_HT2024_chromosome_1122	UniRef100_V5V7C0~K17836	45.3	353	176	4	69	421	3	338	4.61e-89	279
FinalAssembly_bactGenome_correctedΩLimnothrix_sp_HT2024_chromosome_3019	UniRef100_K9XC42~K11781	73.7	377	94	2	14	389	5	377	4.95e-191	540
FinalAssembly_bactGenome_correctedΩLimnothrix_sp_HT2024_chromosome_1239	UniRef100_K9VD95~K03797	65.4	405	135	3	7	411	3	402	2.35e-173	496
FinalAssembly_bactGenome_correctedΩLimnothrix_sp_HT2024_chromosome_1165	UniRef100_A0A172U7M1~K01154	38.4	419	237	11	18	422	3	414	4.31e-76	248
FinalAssembly_bactGenome_correctedΩLimnothrix_sp_HT2024_chromosome_429	UniRef100_A0A0H5A972~K02482	37.7	414	209	14	37	420	60	454	2.25e-59	206
FinalAssembly_bactGenome_correctedΩLimnothrix_sp_HT2024_chromosome_3255	UniRef100_D4ZYN6~K03768	56.4	431	176	5	1	422	15	442	4.09e-76	249
FinalAssembly_bactGenome_correctedΩLimnothrix_sp_HT2024_chromosome_2790	UniRef100_B7JZ95~K11522	40.6	397	206	6	15	404	25	398	6.36e-83	265
FinalAssembly_bactGenome_correctedΩLimnothrix_sp_HT2024_chromosome_2407	UniRef100_K9T1H7~K00147	55.6	408	177	2	18	421	11	418	1.76e-147	431
FinalAssembly_bactGenome_correctedΩLimnothrix_sp_HT2024_chromosome_1663	UniRef100_A0A167A169~K04691	39.2	362	198	5	34	392	17	359	6.28e-72	236
FinalAssembly_bactGenome_correctedΩLimnothrix_sp_HT2024_chromosome_1389	UniRef100_A0A0X8WZK7~K00821	77.0	418	96	0	1	418	1	418	9.76e-238	660
FinalAssembly_bactGenome_correctedΩLimnothrix_sp_HT2024_chromosome_92	UniRef100_K9S225~K00652	69.4	392	113	1	22	413	4	388	5.93e-185	525
FinalAssembly_bactGenome_correctedΩLimnothrix_sp_HT2024_chromosome_3006	UniRef100_K9WLY2~K00789	80.4	413	81	0	3	415	1	413	3.10e-243	674
FinalAssembly_bactGenome_correctedΩLimnothrix_sp_HT2024_chromosome_2345	UniRef100_K9U9B5~K02004	73.7	410	108	0	11	420	11	420	2.05e-199	563
FinalAssembly_bactGenome_correctedΩLimnothrix_sp_HT2024_chromosome_2708	UniRef100_A0A0X8WUA7~K02502	59.7	412	164	2	3	413	2	412	9.00e-168	482
FinalAssembly_bactGenome_correctedΩLimnothrix_sp_HT2024_chromosome_899	UniRef100_B7KEY8~K02055	38.8	397	212	9	30	415	4	380	2.36e-90	284
FinalAssembly_bactGenome_correctedΩLimnothrix_sp_HT2024_chromosome_207	UniRef100_K9S405~K02653	58.4	418	157	3	1	416	1	403	2.14e-159	461
FinalAssembly_bactGenome_correctedΩLimnothrix_sp_HT2024_chromosome_162	UniRef100_K9S935~K11717	73.0	418	113	0	1	418	1	418	3.02e-222	620
FinalAssembly_bactGenome_correctedΩLimnothrix_sp_HT2024_chromosome_3244	UniRef100_A0A0S3U9M4~K00974	47.8	410	201	2	14	410	53	462	1.88e-97	305
FinalAssembly_bactGenome_correctedΩLimnothrix_sp_HT2024_chromosome_2050	UniRef100_B8HMM9~K01739	61.1	373	144	1	31	402	3	375	5.29e-167	479
FinalAssembly_bactGenome_correctedΩLimnothrix_sp_HT2024_chromosome_3105	UniRef100_A0A1Y0RX48~K00819	81.7	398	73	0	18	415	8	405	5.52e-244	675
FinalAssembly_bactGenome_correctedΩLimnothrix_sp_HT2024_chromosome_3434	UniRef100_M1FVY1~K22219	42.8	397	212	5	33	414	17	413	3.64e-105	323
FinalAssembly_bactGenome_correctedΩLimnothrix_sp_HT2024_chromosome_2000	UniRef100_K9RTQ6~K16301	69.0	410	117	5	10	415	14	417	1.30e-205	578
FinalAssembly_bactGenome_correctedΩLimnothrix_sp_HT2024_chromosome_1813	UniRef100_K9XGU5~K05837	64.6	412	144	1	1	412	4	413	8.75e-199	561
FinalAssembly_bactGenome_correctedΩLimnothrix_sp_HT2024_chromosome_1157	UniRef100_B8HR57~K03742	66.7	415	138	0	1	415	1	415	2.24e-199	562
FinalAssembly_bactGenome_correctedΩLimnothrix_sp_HT2024_chromosome_2716	UniRef100_K9XNQ0~K13038	64.0	411	147	1	1	411	1	410	7.46e-182	518
FinalAssembly_bactGenome_correctedΩLimnothrix_sp_HT2024_chromosome_2476	UniRef100_K9Z577~K03526	80.8	412	71	2	1	411	1	405	3.84e-241	667
FinalAssembly_bactGenome_correctedΩLimnothrix_sp_HT2024_chromosome_2162	UniRef100_B0C787~K07240	53.7	406	182	2	5	410	9	408	2.50e-145	425
FinalAssembly_bactGenome_correctedΩLimnothrix_sp_HT2024_chromosome_688	UniRef100_A0A0S3U8C2~K02004	50.4	417	203	2	1	413	20	436	1.59e-142	419
FinalAssembly_bactGenome_correctedΩLimnothrix_sp_HT2024_chromosome_430	UniRef100_A0A1W5CJN2~K00620	78.5	413	89	0	1	413	1	413	3.37e-225	627
FinalAssembly_bactGenome_correctedΩLimnothrix_sp_HT2024_chromosome_3114	UniRef100_K9TTM0~K00595	78.0	414	77	3	1	412	1	402	1.18e-229	638
FinalAssembly_bactGenome_correctedΩLimnothrix_sp_HT2024_chromosome_3586	UniRef100_A0A125STF7~K10206	86.6	410	55	0	1	410	1	410	5.34e-274	751
FinalAssembly_bactGenome_correctedΩLimnothrix_sp_HT2024_chromosome_3072	UniRef100_X7XTR1~K08678	37.0	408	246	6	3	405	2	403	2.38e-81	261
FinalAssembly_bactGenome_correctedΩLimnothrix_sp_HT2024_chromosome_2947	UniRef100_K9U5S8~K03885	63.0	397	140	2	9	405	7	396	6.03e-179	509
FinalAssembly_bactGenome_correctedΩLimnothrix_sp_HT2024_chromosome_2934	UniRef100_K9VVL8~K04096	54.3	398	155	3	14	411	4	374	2.38e-141	413
FinalAssembly_bactGenome_correctedΩLimnothrix_sp_HT2024_chromosome_3608	UniRef100_A0A110AUR2~K01647	78.9	380	80	0	24	403	3	382	1.75e-226	630
FinalAssembly_bactGenome_correctedΩLimnothrix_sp_HT2024_chromosome_3211	UniRef100_B7K834~K02358	85.6	410	58	1	1	409	1	410	5.49e-257	707
FinalAssembly_bactGenome_correctedΩLimnothrix_sp_HT2024_chromosome_2815	UniRef100_A0A1Y0RUV0~K04487	63.2	386	135	2	21	405	6	385	3.32e-166	477
FinalAssembly_bactGenome_correctedΩLimnothrix_sp_HT2024_chromosome_1675	UniRef100_A0A0T7BYI2~K10112	64.7	416	135	4	1	409	1	411	4.58e-179	511
FinalAssembly_bactGenome_correctedΩLimnothrix_sp_HT2024_chromosome_472	UniRef100_I4B1N0~K00558	62.8	382	142	0	2	383	15	396	1.49e-173	496
FinalAssembly_bactGenome_correctedΩLimnothrix_sp_HT2024_chromosome_3069	UniRef100_A0A0U3M2A4~K12710	37.0	405	253	2	3	407	11	413	6.31e-79	255
FinalAssembly_bactGenome_correctedΩLimnothrix_sp_HT2024_chromosome_3013	UniRef100_K9T455~K09744	64.5	408	139	2	1	405	1	405	2.91e-188	533
FinalAssembly_bactGenome_correctedΩLimnothrix_sp_HT2024_chromosome_2972	UniRef100_K9S927~K02657	52.4	399	174	3	1	387	1	395	2.90e-146	427
FinalAssembly_bactGenome_correctedΩLimnothrix_sp_HT2024_chromosome_2436	UniRef100_B8HP84~K02641	66.8	416	114	4	1	408	1	400	9.31e-195	550
FinalAssembly_bactGenome_correctedΩLimnothrix_sp_HT2024_chromosome_829	UniRef100_K9SCE3~K03217	69.0	378	114	3	1	376	1	377	1.98e-185	525
FinalAssembly_bactGenome_correctedΩLimnothrix_sp_HT2024_chromosome_254	UniRef100_K9SD86~K00721	65.6	387	132	1	15	400	18	404	1.48e-173	496
FinalAssembly_bactGenome_correctedΩLimnothrix_sp_HT2024_chromosome_3658	UniRef100_A0A1Z3HSG6~K11325	54.7	395	172	2	20	407	16	410	3.01e-152	442
FinalAssembly_bactGenome_correctedΩLimnothrix_sp_HT2024_chromosome_3493	UniRef100_B7K988~K21231	85.4	391	57	0	17	407	7	397	4.05e-253	697
FinalAssembly_bactGenome_correctedΩLimnothrix_sp_HT2024_chromosome_3285	UniRef100_K9VI30~K03685	40.3	407	224	9	1	397	1	398	2.22e-82	263
FinalAssembly_bactGenome_correctedΩLimnothrix_sp_HT2024_chromosome_2126	UniRef100_K9TNZ0~K04487	66.3	383	124	2	1	378	1	383	2.78e-165	474
FinalAssembly_bactGenome_correctedΩLimnothrix_sp_HT2024_chromosome_951	UniRef100_A0A0X8WSC6~K03750	57.2	416	164	4	1	403	1	415	9.17e-149	434
FinalAssembly_bactGenome_correctedΩLimnothrix_sp_HT2024_chromosome_758	UniRef100_K9YP85~K10960	89.4	405	43	0	2	406	3	407	4.99e-263	723
FinalAssembly_bactGenome_correctedΩLimnothrix_sp_HT2024_chromosome_2674	UniRef100_A0A0G2ZXF8~K10206	46.1	384	203	4	1	382	3	384	9.19e-114	343
FinalAssembly_bactGenome_correctedΩLimnothrix_sp_HT2024_chromosome_2497	UniRef100_K9S6S8~K02004	67.2	405	133	0	1	405	1	405	1.29e-178	509
FinalAssembly_bactGenome_correctedΩLimnothrix_sp_HT2024_chromosome_2403	UniRef100_Q8YMJ9~K01436	71.9	402	112	1	1	401	1	402	6.51e-221	616
FinalAssembly_bactGenome_correctedΩLimnothrix_sp_HT2024_chromosome_1947	UniRef100_B0JYB5~K02051	53.3	394	179	2	11	403	12	401	1.03e-147	430
FinalAssembly_bactGenome_correctedΩLimnothrix_sp_HT2024_chromosome_1478	UniRef100_Q7VD44~K06402	32.4	410	263	6	2	400	1	407	8.75e-62	211
FinalAssembly_bactGenome_correctedΩLimnothrix_sp_HT2024_chromosome_1120	UniRef100_K9WKG3~K01443	57.0	405	150	7	6	400	4	394	5.52e-144	421
FinalAssembly_bactGenome_correctedΩLimnothrix_sp_HT2024_chromosome_458	UniRef100_Q2JXT2~K03185	61.1	391	152	0	2	392	11	401	1.69e-173	496
FinalAssembly_bactGenome_correctedΩLimnothrix_sp_HT2024_chromosome_437	UniRef100_B0C6N5~K00558	70.9	374	109	0	1	374	1	374	2.20e-205	576
FinalAssembly_bactGenome_correctedΩLimnothrix_sp_HT2024_chromosome_2401	UniRef100_K9X5H0~K07079	66.6	401	126	1	1	401	1	393	2.23e-199	561
FinalAssembly_bactGenome_correctedΩLimnothrix_sp_HT2024_chromosome_1455	UniRef100_K9YG44~K01866	74.3	401	102	1	3	402	2	402	8.06e-216	603
FinalAssembly_bactGenome_correctedΩLimnothrix_sp_HT2024_chromosome_3258	UniRef100_E0UCU4~K18979	59.1	335	102	2	27	361	6	305	2.47e-146	423
FinalAssembly_bactGenome_correctedΩLimnothrix_sp_HT2024_chromosome_1891	UniRef100_K9TUM4~K02004	54.1	401	184	0	1	401	1	401	2.38e-140	411
FinalAssembly_bactGenome_correctedΩLimnothrix_sp_HT2024_chromosome_1414	UniRef100_K9W466~K01589	56.8	387	151	4	17	399	1	375	5.15e-148	430
FinalAssembly_bactGenome_correctedΩLimnothrix_sp_HT2024_chromosome_1144	UniRef100_Q2S5V4~K13668	34.2	368	175	14	26	356	5	342	6.20e-38	147
FinalAssembly_bactGenome_correctedΩLimnothrix_sp_HT2024_chromosome_848	UniRef100_A0A0S3UDL0~K01940	84.3	400	63	0	1	400	1	400	5.90e-252	694
FinalAssembly_bactGenome_correctedΩLimnothrix_sp_HT2024_chromosome_341	UniRef100_K9W5G9~K00927	84.3	401	62	1	1	401	1	400	1.22e-237	658
FinalAssembly_bactGenome_correctedΩLimnothrix_sp_HT2024_chromosome_3595	UniRef100_A0A0S3TJC6~K00324	59.7	387	151	1	11	392	1	387	3.99e-150	436
FinalAssembly_bactGenome_correctedΩLimnothrix_sp_HT2024_chromosome_3486	UniRef100_K9S6F6~K00099	85.3	382	56	0	11	392	1	382	4.44e-237	656
FinalAssembly_bactGenome_correctedΩLimnothrix_sp_HT2024_chromosome_2737	UniRef100_B8HRL8~K09919	66.3	383	125	4	15	396	12	391	5.74e-194	547
FinalAssembly_bactGenome_correctedΩLimnothrix_sp_HT2024_chromosome_489	UniRef100_K9VR25~K00799	73.8	397	104	0	3	399	1	397	1.06e-230	640
FinalAssembly_bactGenome_correctedΩLimnothrix_sp_HT2024_chromosome_143	UniRef100_K9X9S4~K03284	55.2	357	160	0	42	398	18	374	7.80e-145	422
FinalAssembly_bactGenome_correctedΩLimnothrix_sp_HT2024_chromosome_1187	UniRef100_K9WEY2~K03588	63.1	374	138	0	23	396	13	386	2.22e-165	475
FinalAssembly_bactGenome_correctedΩLimnothrix_sp_HT2024_chromosome_2714	UniRef100_Q9ZGH4~K13310	49.9	367	177	2	27	393	10	369	3.26e-103	316
FinalAssembly_bactGenome_correctedΩLimnothrix_sp_HT2024_chromosome_100	UniRef100_A0A0X8WYE8~K08479	55.0	380	163	3	15	389	15	391	5.91e-143	417
FinalAssembly_bactGenome_correctedΩLimnothrix_sp_HT2024_chromosome_2944	UniRef100_B7K8K1~K11522	36.5	370	214	7	22	380	33	392	6.39e-72	236
FinalAssembly_bactGenome_correctedΩLimnothrix_sp_HT2024_chromosome_1581	UniRef100_K9UJ38~K10206	77.4	389	88	0	3	391	6	394	6.30e-226	628
FinalAssembly_bactGenome_correctedΩLimnothrix_sp_HT2024_chromosome_1266	UniRef100_K9TIB0~K11720	59.8	373	147	2	25	397	1	370	2.11e-152	441
FinalAssembly_bactGenome_correctedΩLimnothrix_sp_HT2024_chromosome_1100	UniRef100_K9ULJ1~K02488	37.1	385	225	2	5	389	5	372	1.19e-67	225
FinalAssembly_bactGenome_correctedΩLimnothrix_sp_HT2024_chromosome_470	UniRef100_Q31QP9~K08289	72.2	385	104	1	8	392	7	388	6.26e-195	549
FinalAssembly_bactGenome_correctedΩLimnothrix_sp_HT2024_chromosome_1580	UniRef100_K9VEY0~K00005	71.6	359	102	0	12	370	15	373	2.19e-171	489
FinalAssembly_bactGenome_correctedΩLimnothrix_sp_HT2024_chromosome_1092	UniRef100_K9X0A5~K03629	63.3	384	125	3	13	394	1	370	1.41e-155	449
FinalAssembly_bactGenome_correctedΩLimnothrix_sp_HT2024_chromosome_728	UniRef100_K9VCM6~K07496	76.3	396	94	0	1	396	1	396	1.32e-218	609
FinalAssembly_bactGenome_correctedΩLimnothrix_sp_HT2024_chromosome_3559	UniRef100_F4CYI5~K21401	30.1	375	209	13	3	357	12	353	2.06e-20	99.0
FinalAssembly_bactGenome_correctedΩLimnothrix_sp_HT2024_chromosome_1944	UniRef100_A0A0E0UIF0~K05373	31.1	366	238	4	7	369	19	373	9.70e-34	136
FinalAssembly_bactGenome_correctedΩLimnothrix_sp_HT2024_chromosome_2740	UniRef100_A0A1D8TLI9~K05579	87.1	394	51	0	1	394	1	394	1.94e-272	745
FinalAssembly_bactGenome_correctedΩLimnothrix_sp_HT2024_chromosome_2455	UniRef100_A0A120MVK9~K00958	77.9	390	86	0	1	390	1	390	8.66e-228	632
FinalAssembly_bactGenome_correctedΩLimnothrix_sp_HT2024_chromosome_2028	UniRef100_B7KEL8~K09458	51.6	386	162	3	4	389	3	363	2.51e-124	369
FinalAssembly_bactGenome_correctedΩLimnothrix_sp_HT2024_chromosome_1060	UniRef100_K9QZL2~K09001	62.0	392	135	3	4	389	12	395	7.92e-159	458
FinalAssembly_bactGenome_correctedΩLimnothrix_sp_HT2024_chromosome_641	UniRef100_Q119R0~K00616	78.0	387	82	1	1	387	1	384	9.50e-212	592
FinalAssembly_bactGenome_correctedΩLimnothrix_sp_HT2024_chromosome_125	UniRef100_Q31L64~K02012	62.1	317	120	0	78	394	41	357	1.65e-140	410
FinalAssembly_bactGenome_correctedΩLimnothrix_sp_HT2024_chromosome_3369	UniRef100_K9S6Q7~K11955	65.3	375	127	1	19	393	5	376	3.21e-164	471
FinalAssembly_bactGenome_correctedΩLimnothrix_sp_HT2024_chromosome_2688	UniRef100_D7E1K7~K01802	62.9	350	124	4	44	392	21	365	6.55e-145	421
FinalAssembly_bactGenome_correctedΩLimnothrix_sp_HT2024_chromosome_589	UniRef100_D5A618~K01956	73.8	385	100	1	1	385	1	384	1.53e-211	591
FinalAssembly_bactGenome_correctedΩLimnothrix_sp_HT2024_chromosome_395	UniRef100_A0A0X8WYQ3~K03551	70.5	400	86	6	1	393	1	375	2.87e-185	524
FinalAssembly_bactGenome_correctedΩLimnothrix_sp_HT2024_chromosome_3480	UniRef100_A0A0X8WY98~K20024	67.8	385	121	2	5	388	9	391	5.61e-185	524
FinalAssembly_bactGenome_correctedΩLimnothrix_sp_HT2024_chromosome_3396	UniRef100_Q117W1~K04654	63.8	367	129	1	1	363	1	367	1.93e-177	504
FinalAssembly_bactGenome_correctedΩLimnothrix_sp_HT2024_chromosome_2780	UniRef100_A0A140K905~K01480	87.4	389	47	1	4	390	6	394	1.38e-263	723
FinalAssembly_bactGenome_correctedΩLimnothrix_sp_HT2024_chromosome_2750	UniRef100_K9TTV1~K00748	60.8	383	147	2	13	392	4	386	3.58e-156	451
FinalAssembly_bactGenome_correctedΩLimnothrix_sp_HT2024_chromosome_354	UniRef100_K9S2Y5~K01775	62.3	377	137	2	12	388	15	386	2.57e-166	477
FinalAssembly_bactGenome_correctedΩLimnothrix_sp_HT2024_chromosome_3465	UniRef100_Q55448~K11522	31.2	369	212	10	42	386	46	396	1.24e-39	151
FinalAssembly_bactGenome_correctedΩLimnothrix_sp_HT2024_chromosome_2994	UniRef100_Q9ZGH4~K13310	48.2	369	184	1	8	376	10	371	3.23e-109	331
FinalAssembly_bactGenome_correctedΩLimnothrix_sp_HT2024_chromosome_2198	UniRef100_B0C117~K00830	74.5	376	96	0	15	390	6	381	7.05e-211	589
FinalAssembly_bactGenome_correctedΩLimnothrix_sp_HT2024_chromosome_3438	UniRef100_A0A1Y0REC8~K04091	70.2	363	108	0	1	363	1	363	2.39e-189	535
FinalAssembly_bactGenome_correctedΩLimnothrix_sp_HT2024_chromosome_1593	UniRef100_K9VE43~K11961	71.3	363	102	2	24	386	19	379	4.98e-180	511
FinalAssembly_bactGenome_correctedΩLimnothrix_sp_HT2024_chromosome_3661	UniRef100_A0A0H3JZD5~K09818	50.2	325	143	2	55	378	34	340	3.70e-99	304
FinalAssembly_bactGenome_correctedΩLimnothrix_sp_HT2024_chromosome_2838	UniRef100_K7VYL3~K00088	82.4	387	68	0	1	387	1	387	4.61e-233	645
FinalAssembly_bactGenome_correctedΩLimnothrix_sp_HT2024_chromosome_2338	UniRef100_B8HPP0~K01012	78.6	337	72	0	45	381	25	361	4.30e-195	548
FinalAssembly_bactGenome_correctedΩLimnothrix_sp_HT2024_chromosome_1955	UniRef100_A0A0S3PE37~K00812	72.3	386	106	1	1	385	1	386	4.45e-201	564
FinalAssembly_bactGenome_correctedΩLimnothrix_sp_HT2024_chromosome_1502	UniRef100_K9S5Z2~K21147	84.1	390	59	2	1	387	1	390	5.32e-242	668
FinalAssembly_bactGenome_correctedΩLimnothrix_sp_HT2024_chromosome_1215	UniRef100_A0A0X8WU91~K01772	73.6	387	102	0	1	387	1	387	7.05e-214	597
FinalAssembly_bactGenome_correctedΩLimnothrix_sp_HT2024_chromosome_2590	UniRef100_K9S3Q7~K00966	84.1	383	61	0	1	383	1	383	4.35e-241	665
FinalAssembly_bactGenome_correctedΩLimnothrix_sp_HT2024_chromosome_2452	UniRef100_D5A0H0~K03086	93.7	315	20	0	72	386	73	387	1.67e-200	563
FinalAssembly_bactGenome_correctedΩLimnothrix_sp_HT2024_chromosome_469	UniRef100_A0A1D8TXJ6~K00817	61.3	390	136	4	1	380	1	385	1.15e-157	454
FinalAssembly_bactGenome_correctedΩLimnothrix_sp_HT2024_chromosome_2713	UniRef100_K9WG82~K01698	68.6	353	100	2	40	382	4	355	9.85e-159	456
FinalAssembly_bactGenome_correctedΩLimnothrix_sp_HT2024_chromosome_2237	UniRef100_K9RT58~K02004	64.2	383	135	2	3	385	7	387	3.93e-168	481
FinalAssembly_bactGenome_correctedΩLimnothrix_sp_HT2024_chromosome_3224	UniRef100_A0A1Y0RWK6~K07496	75.3	380	93	1	1	380	1	379	6.33e-212	591
FinalAssembly_bactGenome_correctedΩLimnothrix_sp_HT2024_chromosome_2415	UniRef100_A0A1Y0RWK6~K07496	73.9	380	98	1	1	380	1	379	2.99e-210	587
FinalAssembly_bactGenome_correctedΩLimnothrix_sp_HT2024_chromosome_1982	UniRef100_A0A1Y0RWK6~K07496	75.3	380	93	1	1	380	1	379	4.68e-214	597
FinalAssembly_bactGenome_correctedΩLimnothrix_sp_HT2024_chromosome_1322	UniRef100_A0A110AWL4~K00791	50.4	371	118	3	23	375	13	335	4.10e-108	327
FinalAssembly_bactGenome_correctedΩLimnothrix_sp_HT2024_chromosome_1236	UniRef100_A0A0S3P9W2~K02048	66.8	352	108	2	36	384	32	377	1.49e-165	474
FinalAssembly_bactGenome_correctedΩLimnothrix_sp_HT2024_chromosome_2865	UniRef100_A0A089ZQK2~K02234	31.6	395	191	7	21	382	7	355	1.56e-39	150
FinalAssembly_bactGenome_correctedΩLimnothrix_sp_HT2024_chromosome_2525	UniRef100_A0A0S3UA96~K06118	87.7	382	47	0	1	382	1	382	2.58e-260	714
FinalAssembly_bactGenome_correctedΩLimnothrix_sp_HT2024_chromosome_1469	UniRef100_K9S9W2~K02662	63.1	369	129	3	11	376	1	365	4.57e-164	469
FinalAssembly_bactGenome_correctedΩLimnothrix_sp_HT2024_chromosome_1267	UniRef100_K9V493~K00773	77.7	364	81	0	8	371	5	368	1.52e-213	595
FinalAssembly_bactGenome_correctedΩLimnothrix_sp_HT2024_chromosome_2541	UniRef100_K9WCE7~K11752	69.5	367	105	2	13	379	25	384	3.72e-179	508
FinalAssembly_bactGenome_correctedΩLimnothrix_sp_HT2024_chromosome_2086	UniRef100_K9XC13~K02338	62.8	384	136	6	1	382	1	379	8.00e-158	454
FinalAssembly_bactGenome_correctedΩLimnothrix_sp_HT2024_chromosome_1594	UniRef100_B8HW41~K11960	74.6	382	97	0	1	382	5	386	1.68e-194	547
FinalAssembly_bactGenome_correctedΩLimnothrix_sp_HT2024_chromosome_3346	UniRef100_K9TSA5~K07568	61.4	365	131	4	8	371	29	384	4.85e-152	440
FinalAssembly_bactGenome_correctedΩLimnothrix_sp_HT2024_chromosome_1485	UniRef100_A0A110AWA9~K19221	81.6	376	68	1	6	381	3	377	1.15e-222	618
FinalAssembly_bactGenome_correctedΩLimnothrix_sp_HT2024_chromosome_986	UniRef100_K9WFQ8~K00254	63.5	381	132	3	1	374	1	381	7.25e-163	467
FinalAssembly_bactGenome_correctedΩLimnothrix_sp_HT2024_chromosome_769	UniRef100_A0A0K1S811~K10716	55.6	351	151	3	29	378	2	348	9.11e-133	389
FinalAssembly_bactGenome_correctedΩLimnothrix_sp_HT2024_chromosome_2532	UniRef100_A0A1Z3HKW7~K11780	57.8	334	118	2	19	352	4	314	1.62e-129	380
FinalAssembly_bactGenome_correctedΩLimnothrix_sp_HT2024_chromosome_542	UniRef100_K9VRV2~K07315	60.0	380	150	2	1	380	1	378	1.53e-159	458
FinalAssembly_bactGenome_correctedΩLimnothrix_sp_HT2024_chromosome_2587	UniRef100_K9SCS6~K01733	76.7	361	84	0	19	379	10	370	4.84e-194	545
FinalAssembly_bactGenome_correctedΩLimnothrix_sp_HT2024_chromosome_2215	UniRef100_A0A0H3K7X3~K01791	74.5	368	84	1	1	368	6	363	4.46e-188	530
FinalAssembly_bactGenome_correctedΩLimnothrix_sp_HT2024_chromosome_212	UniRef100_A0A1D8TYN7~K03686	72.6	379	97	2	1	378	1	373	6.53e-172	489
FinalAssembly_bactGenome_correctedΩLimnothrix_sp_HT2024_chromosome_188	UniRef100_K9S918~K03325	79.4	373	77	0	6	378	9	381	6.59e-207	578
FinalAssembly_bactGenome_correctedΩLimnothrix_sp_HT2024_chromosome_3286	UniRef100_A0A0S3U5W8~K06941	72.9	332	90	0	31	362	4	335	1.61e-173	492
FinalAssembly_bactGenome_correctedΩLimnothrix_sp_HT2024_chromosome_1231	UniRef100_K9VVZ0~K03979	72.1	333	93	0	1	333	1	333	4.36e-174	493
FinalAssembly_bactGenome_correctedΩLimnothrix_sp_HT2024_chromosome_916	UniRef100_A0A1W5CGY9~K05540	77.5	334	75	0	17	350	1	334	1.02e-185	523
FinalAssembly_bactGenome_correctedΩLimnothrix_sp_HT2024_chromosome_2189	UniRef100_M2W0I1~K06119	41.4	367	211	2	3	365	40	406	2.02e-95	297
FinalAssembly_bactGenome_correctedΩLimnothrix_sp_HT2024_chromosome_1792	UniRef100_A0A0X8WT57~K00605	60.1	356	140	2	19	373	5	359	7.76e-147	425
FinalAssembly_bactGenome_correctedΩLimnothrix_sp_HT2024_chromosome_1383	UniRef100_K9VLQ7~K11072	72.4	373	102	1	1	373	1	372	1.25e-192	542
FinalAssembly_bactGenome_correctedΩLimnothrix_sp_HT2024_chromosome_1030	UniRef100_A2BZD7~K00436	61.5	369	140	2	2	368	7	375	1.53e-157	453
FinalAssembly_bactGenome_correctedΩLimnothrix_sp_HT2024_chromosome_491	UniRef100_K9QP39~K03705	59.4	362	136	2	1	351	1	362	3.00e-138	404
FinalAssembly_bactGenome_correctedΩLimnothrix_sp_HT2024_chromosome_3393	UniRef100_K9WZQ5~K07079	62.9	375	138	1	1	374	1	375	1.17e-171	489
FinalAssembly_bactGenome_correctedΩLimnothrix_sp_HT2024_chromosome_2456	UniRef100_A0A0X8WYS4~K03575	68.9	351	106	1	19	369	15	362	3.06e-181	513
FinalAssembly_bactGenome_correctedΩLimnothrix_sp_HT2024_chromosome_1086	UniRef100_K9QPK2~K02703	82.4	374	51	1	1	374	1	359	1.30e-227	630
FinalAssembly_bactGenome_correctedΩLimnothrix_sp_HT2024_chromosome_2830	UniRef100_K9WP14~K02480	51.9	343	162	1	17	359	31	370	1.22e-103	316
FinalAssembly_bactGenome_correctedΩLimnothrix_sp_HT2024_chromosome_2629	UniRef100_K9QV14~K00240	54.3	361	124	5	1	361	8	327	1.02e-129	380
FinalAssembly_bactGenome_correctedΩLimnothrix_sp_HT2024_chromosome_2431	UniRef100_A0A0U3L471~K11444	38.3	337	189	3	32	364	14	335	1.98e-61	206
FinalAssembly_bactGenome_correctedΩLimnothrix_sp_HT2024_chromosome_3070	UniRef100_P72893~K13010	76.1	372	89	0	2	373	3	374	1.25e-215	600
FinalAssembly_bactGenome_correctedΩLimnothrix_sp_HT2024_chromosome_2211	UniRef100_I0I100~K08963	63.1	374	133	4	1	370	1	373	4.00e-152	439
FinalAssembly_bactGenome_correctedΩLimnothrix_sp_HT2024_chromosome_3546	UniRef100_D5A1U4~K02048	69.4	307	94	0	65	371	43	349	1.22e-157	452
FinalAssembly_bactGenome_correctedΩLimnothrix_sp_HT2024_chromosome_3455	UniRef100_K9PWV6~K05572	80.4	372	73	0	1	372	1	372	1.37e-215	600
FinalAssembly_bactGenome_correctedΩLimnothrix_sp_HT2024_chromosome_1717	UniRef100_A2CE23~K00273	32.8	387	204	13	3	367	14	366	9.33e-36	140
FinalAssembly_bactGenome_correctedΩLimnothrix_sp_HT2024_chromosome_1366	UniRef100_A0A0S3U306~K14330	73.7	339	89	0	30	368	1	339	2.66e-184	519
FinalAssembly_bactGenome_correctedΩLimnothrix_sp_HT2024_chromosome_3397	UniRef100_K9PDM9~K04655	55.1	352	158	0	20	371	20	371	2.33e-135	396
FinalAssembly_bactGenome_correctedΩLimnothrix_sp_HT2024_chromosome_2001	UniRef100_K9RSQ0~K07224	65.0	346	100	4	26	371	1	325	5.40e-140	406
FinalAssembly_bactGenome_correctedΩLimnothrix_sp_HT2024_chromosome_1457	UniRef100_K9QGM4~K07646	68.1	364	105	2	5	359	18	379	2.03e-171	488
FinalAssembly_bactGenome_correctedΩLimnothrix_sp_HT2024_chromosome_1443	UniRef100_A0A0S3U6R8~K09818	60.5	301	117	2	51	351	12	310	1.33e-120	357
FinalAssembly_bactGenome_correctedΩLimnothrix_sp_HT2024_chromosome_1382	UniRef100_K9SB14~K11069	56.8	366	158	0	6	371	11	376	3.75e-150	434
FinalAssembly_bactGenome_correctedΩLimnothrix_sp_HT2024_chromosome_1337	UniRef100_K9U405~K01000	63.4	372	128	3	1	369	1	367	2.54e-163	467
FinalAssembly_bactGenome_correctedΩLimnothrix_sp_HT2024_chromosome_968	UniRef100_A0A0T7BPU0~K07300	75.5	371	81	1	1	371	1	361	2.88e-182	515
FinalAssembly_bactGenome_correctedΩLimnothrix_sp_HT2024_chromosome_450	UniRef100_E0U7Z3~K01710	77.3	352	76	1	12	363	3	350	1.07e-212	592
FinalAssembly_bactGenome_correctedΩLimnothrix_sp_HT2024_chromosome_448	UniRef100_E1QID0~K03272	38.7	326	187	5	41	360	8	326	2.93e-67	221
FinalAssembly_bactGenome_correctedΩLimnothrix_sp_HT2024_chromosome_3626	UniRef100_A0A0X8WWA3~K07088	45.0	373	181	4	1	368	1	354	1.01e-96	297
FinalAssembly_bactGenome_correctedΩLimnothrix_sp_HT2024_chromosome_2519	UniRef100_K9SBW0~K00931	74.6	366	93	0	4	369	5	370	3.62e-191	538
FinalAssembly_bactGenome_correctedΩLimnothrix_sp_HT2024_chromosome_2217	UniRef100_Q3MDA0~K06926	38.0	384	214	11	1	369	22	396	2.45e-69	228
FinalAssembly_bactGenome_correctedΩLimnothrix_sp_HT2024_chromosome_2045	UniRef100_P74288~K02486	48.4	366	176	3	1	359	1	360	2.61e-97	299
FinalAssembly_bactGenome_correctedΩLimnothrix_sp_HT2024_chromosome_1084	UniRef100_A0A110AXS3~K01990	70.1	328	80	1	1	328	1	310	1.46e-149	431
FinalAssembly_bactGenome_correctedΩLimnothrix_sp_HT2024_chromosome_3339	UniRef100_K9THV7~K00297	70.9	309	88	1	4	312	8	314	3.72e-154	442
FinalAssembly_bactGenome_correctedΩLimnothrix_sp_HT2024_chromosome_824	UniRef100_A0A120MW62~K03644	74.9	299	72	2	67	365	21	316	1.94e-161	460
FinalAssembly_bactGenome_correctedΩLimnothrix_sp_HT2024_chromosome_3067	UniRef100_G6YKG2~K01709	53.5	359	156	4	12	365	3	355	1.67e-128	378
FinalAssembly_bactGenome_correctedΩLimnothrix_sp_HT2024_chromosome_2268	UniRef100_A0A0S3QR71~K11749	33.4	365	218	10	1	356	1	349	7.07e-52	182
FinalAssembly_bactGenome_correctedΩLimnothrix_sp_HT2024_chromosome_1466	UniRef100_K9XA31~K00788	68.8	330	103	0	33	362	29	358	8.26e-157	451
FinalAssembly_bactGenome_correctedΩLimnothrix_sp_HT2024_chromosome_153	UniRef100_A0A1Y0RWD2~K01735	67.8	366	115	2	1	365	1	364	1.09e-171	488
FinalAssembly_bactGenome_correctedΩLimnothrix_sp_HT2024_chromosome_2516	UniRef100_K9WF12~K07082	58.6	345	142	1	7	350	11	355	3.09e-144	418
FinalAssembly_bactGenome_correctedΩLimnothrix_sp_HT2024_chromosome_169	UniRef100_G5J0E5~K10680	70.1	365	109	0	1	365	1	365	4.75e-197	552
FinalAssembly_bactGenome_correctedΩLimnothrix_sp_HT2024_chromosome_2207	UniRef100_A0A0S3PHS7~K00133	76.7	339	79	0	25	363	5	343	1.30e-184	520
FinalAssembly_bactGenome_correctedΩLimnothrix_sp_HT2024_chromosome_1517	UniRef100_K9T9N3~K02835	82.8	360	62	0	1	360	1	360	7.94e-208	580
FinalAssembly_bactGenome_correctedΩLimnothrix_sp_HT2024_chromosome_3116	UniRef100_K9XNT0~K02188	71.2	364	102	2	1	363	1	362	2.43e-174	494
FinalAssembly_bactGenome_correctedΩLimnothrix_sp_HT2024_chromosome_2364	UniRef100_K9S7B5~K01409	74.2	345	88	1	1	345	1	344	5.37e-174	493
FinalAssembly_bactGenome_correctedΩLimnothrix_sp_HT2024_chromosome_895	UniRef100_K9WGA7~K00052	80.9	361	68	1	1	361	1	360	6.09e-205	572
FinalAssembly_bactGenome_correctedΩLimnothrix_sp_HT2024_chromosome_779	UniRef100_K9X124~K02563	62.0	358	130	3	3	357	2	356	2.84e-146	423
FinalAssembly_bactGenome_correctedΩLimnothrix_sp_HT2024_chromosome_622	UniRef100_K9SBD1~K06942	81.3	364	67	1	1	363	1	364	3.97e-206	575
FinalAssembly_bactGenome_correctedΩLimnothrix_sp_HT2024_chromosome_302	UniRef100_Q3M4F4~K00766	48.6	370	168	4	1	362	4	359	1.02e-121	361
FinalAssembly_bactGenome_correctedΩLimnothrix_sp_HT2024_chromosome_3351	UniRef100_B2J5L9~K00566	71.9	349	97	1	9	357	3	350	2.06e-193	542
FinalAssembly_bactGenome_correctedΩLimnothrix_sp_HT2024_chromosome_3096	UniRef100_K9SB88~K01921	69.9	356	103	2	1	354	1	354	2.10e-178	504
FinalAssembly_bactGenome_correctedΩLimnothrix_sp_HT2024_chromosome_2614	UniRef100_A0A140K9M9~K06955	39.8	344	182	7	14	354	10	331	1.30e-57	196
FinalAssembly_bactGenome_correctedΩLimnothrix_sp_HT2024_chromosome_1849	UniRef100_K9XGI3~K01711	79.9	353	71	0	1	353	1	353	3.44e-217	603
FinalAssembly_bactGenome_correctedΩLimnothrix_sp_HT2024_chromosome_1208	UniRef100_A0A0S3UAA8~K00971	66.2	352	119	0	11	362	2	353	2.30e-167	476
FinalAssembly_bactGenome_correctedΩLimnothrix_sp_HT2024_chromosome_208	UniRef100_D5A452~K02669	81.5	357	66	0	6	362	5	361	6.27e-215	597
FinalAssembly_bactGenome_correctedΩLimnothrix_sp_HT2024_chromosome_2582	UniRef100_A6VER4~K12994	34.0	379	222	11	1	359	1	371	1.27e-41	155
FinalAssembly_bactGenome_correctedΩLimnothrix_sp_HT2024_chromosome_2568	UniRef100_A0A0S3UB88~K02010	55.6	354	150	3	7	356	1	351	3.00e-129	380
FinalAssembly_bactGenome_correctedΩLimnothrix_sp_HT2024_chromosome_1816	UniRef100_K9VV53~K00228	79.6	324	66	0	29	352	15	338	1.11e-206	575
FinalAssembly_bactGenome_correctedΩLimnothrix_sp_HT2024_chromosome_1345	UniRef100_A0A1U7N9S1~K02034	72.2	356	98	1	1	355	1	356	1.59e-177	502
FinalAssembly_bactGenome_correctedΩLimnothrix_sp_HT2024_chromosome_214	UniRef100_K9WB73~K06949	58.2	359	131	2	18	357	17	375	1.19e-140	410
FinalAssembly_bactGenome_correctedΩLimnothrix_sp_HT2024_chromosome_3459	UniRef100_K9QWZ1~K06180	69.2	302	88	1	56	357	13	309	1.12e-152	437
FinalAssembly_bactGenome_correctedΩLimnothrix_sp_HT2024_chromosome_2682	UniRef100_K9TBC3~K00259	76.7	360	84	0	1	360	1	360	1.30e-184	520
FinalAssembly_bactGenome_correctedΩLimnothrix_sp_HT2024_chromosome_2531	UniRef100_A0A0S3U082~K02703	93.3	360	24	0	1	360	1	360	3.95e-257	704
FinalAssembly_bactGenome_correctedΩLimnothrix_sp_HT2024_chromosome_1168	UniRef100_A0A0S3TSD2~K00948	83.1	337	57	0	21	357	1	337	5.84e-201	561
FinalAssembly_bactGenome_correctedΩLimnothrix_sp_HT2024_chromosome_3387	UniRef100_K9T4Q9~K21071	65.8	360	122	1	1	359	1	360	8.36e-171	485
FinalAssembly_bactGenome_correctedΩLimnothrix_sp_HT2024_chromosome_2997	UniRef100_A0A1D8U059~K02703	91.4	359	31	0	1	359	1	359	2.27e-251	689
FinalAssembly_bactGenome_correctedΩLimnothrix_sp_HT2024_chromosome_2969	UniRef100_K9TWH8~K06980	54.3	350	152	3	4	351	6	349	3.30e-120	357
FinalAssembly_bactGenome_correctedΩLimnothrix_sp_HT2024_chromosome_2689	UniRef100_A0A1Z3HFT2~K00946	55.6	349	131	6	7	350	6	335	1.03e-109	329
FinalAssembly_bactGenome_correctedΩLimnothrix_sp_HT2024_chromosome_2294	UniRef100_A3NLT5~K02482	38.2	348	190	6	13	355	55	382	1.35e-63	213
FinalAssembly_bactGenome_correctedΩLimnothrix_sp_HT2024_chromosome_2210	UniRef100_Q8Z0N8~K06966	63.9	346	124	1	15	359	16	361	8.36e-157	450
FinalAssembly_bactGenome_correctedΩLimnothrix_sp_HT2024_chromosome_1814	UniRef100_A0A0X8WSY0~K03593	82.2	354	61	2	6	359	5	356	3.42e-204	570
FinalAssembly_bactGenome_correctedΩLimnothrix_sp_HT2024_chromosome_1303	UniRef100_K9S4B0~K01823	73.0	330	89	0	22	351	14	343	2.05e-167	476
FinalAssembly_bactGenome_correctedΩLimnothrix_sp_HT2024_chromosome_126	UniRef100_K9TPP7~K01297	50.0	344	162	2	7	350	4	337	4.35e-117	348
FinalAssembly_bactGenome_correctedΩLimnothrix_sp_HT2024_chromosome_3527	UniRef100_A0A0B5J1U7~K04720	40.6	360	195	7	9	357	8	359	1.05e-74	241
FinalAssembly_bactGenome_correctedΩLimnothrix_sp_HT2024_chromosome_3484	UniRef100_A0A291GA92~K15269	30.0	303	165	7	28	327	20	278	6.92e-16	83.6
FinalAssembly_bactGenome_correctedΩLimnothrix_sp_HT2024_chromosome_1976	UniRef100_K9TIV9~K03405	85.8	346	49	0	12	357	16	361	1.79e-212	591
FinalAssembly_bactGenome_correctedΩLimnothrix_sp_HT2024_chromosome_1970	UniRef100_A0A120MW69~K06873	62.0	355	132	2	6	357	2	356	6.65e-148	427
FinalAssembly_bactGenome_correctedΩLimnothrix_sp_HT2024_chromosome_3371	UniRef100_Q2JRN0~K02705	67.9	324	97	4	14	335	18	336	1.22e-156	449
FinalAssembly_bactGenome_correctedΩLimnothrix_sp_HT2024_chromosome_2428	UniRef100_K9TDT0~K00973	72.8	356	97	0	1	356	1	356	2.85e-191	537
FinalAssembly_bactGenome_correctedΩLimnothrix_sp_HT2024_chromosome_918	UniRef100_K9XCG9~K01624	93.2	351	24	0	1	351	1	351	7.32e-236	650
FinalAssembly_bactGenome_correctedΩLimnothrix_sp_HT2024_chromosome_820	UniRef100_E0UB21~K03412	58.9	355	135	3	6	349	3	357	1.11e-132	389
FinalAssembly_bactGenome_correctedΩLimnothrix_sp_HT2024_chromosome_2783	UniRef100_A0A0S3TRJ6~K02051	70.0	347	100	3	9	353	1	345	1.91e-165	471
FinalAssembly_bactGenome_correctedΩLimnothrix_sp_HT2024_chromosome_1785	UniRef100_K9RDM4~K04035	78.2	348	74	1	1	346	1	348	3.99e-205	572
FinalAssembly_bactGenome_correctedΩLimnothrix_sp_HT2024_chromosome_554	UniRef100_K9QES4~K07086	84.6	369	44	2	1	356	1	369	6.56e-209	582
FinalAssembly_bactGenome_correctedΩLimnothrix_sp_HT2024_chromosome_1876	UniRef100_A4T5Z0~K18911	46.4	304	157	2	46	349	21	318	3.08e-83	261
FinalAssembly_bactGenome_correctedΩLimnothrix_sp_HT2024_chromosome_346	UniRef100_A0A1W5CG94~K00010	50.3	372	156	4	7	352	4	372	2.12e-120	358
FinalAssembly_bactGenome_correctedΩLimnothrix_sp_HT2024_chromosome_3466	UniRef100_K9VFC3~K02033	73.9	341	85	1	18	354	6	346	8.42e-171	484
FinalAssembly_bactGenome_correctedΩLimnothrix_sp_HT2024_chromosome_2375	UniRef100_K9VMF0~K02234	67.1	353	105	2	1	353	1	342	1.65e-165	471
FinalAssembly_bactGenome_correctedΩLimnothrix_sp_HT2024_chromosome_1743	UniRef100_A0A0S3TV57~K03856	78.7	352	75	0	1	352	1	352	2.96e-205	572
FinalAssembly_bactGenome_correctedΩLimnothrix_sp_HT2024_chromosome_1602	UniRef100_B7KKW4~K01599	73.9	353	92	0	1	353	1	353	5.95e-196	548
FinalAssembly_bactGenome_correctedΩLimnothrix_sp_HT2024_chromosome_956	UniRef100_K9XAD0~K00766	68.3	341	103	1	13	353	22	357	5.37e-139	404
FinalAssembly_bactGenome_correctedΩLimnothrix_sp_HT2024_chromosome_2611	UniRef100_A0A0X8WQZ9~K19802	62.0	347	128	3	1	344	1	346	5.52e-141	409
FinalAssembly_bactGenome_correctedΩLimnothrix_sp_HT2024_chromosome_2253	UniRef100_A0A0X8WUI0~K07027	67.6	343	91	3	1	338	1	328	6.15e-147	424
FinalAssembly_bactGenome_correctedΩLimnothrix_sp_HT2024_chromosome_1765	UniRef100_K9QC80~K01488	75.1	341	85	0	1	341	1	341	1.68e-198	555
FinalAssembly_bactGenome_correctedΩLimnothrix_sp_HT2024_chromosome_590	UniRef100_K9WB49~K04035	79.6	357	68	2	1	353	1	356	7.64e-211	586
FinalAssembly_bactGenome_correctedΩLimnothrix_sp_HT2024_chromosome_3364	UniRef100_A0A1Z3HKE7~K00097	64.6	347	111	5	2	343	13	352	3.39e-139	405
FinalAssembly_bactGenome_correctedΩLimnothrix_sp_HT2024_chromosome_2232	UniRef100_E0UAD6~K00145	77.3	352	80	0	1	352	1	352	9.00e-211	586
FinalAssembly_bactGenome_correctedΩLimnothrix_sp_HT2024_chromosome_2024	UniRef100_A5GQK3~K02706	93.8	352	22	0	1	352	1	352	1.17e-254	697
FinalAssembly_bactGenome_correctedΩLimnothrix_sp_HT2024_chromosome_1439	UniRef100_A5GQK3~K02706	93.8	352	22	0	1	352	1	352	1.17e-254	697
FinalAssembly_bactGenome_correctedΩLimnothrix_sp_HT2024_chromosome_1259	UniRef100_Q31L64~K02012	64.1	354	123	2	3	352	4	357	4.05e-152	437
FinalAssembly_bactGenome_correctedΩLimnothrix_sp_HT2024_chromosome_2392	UniRef100_A0A1W5CC18~K03810	71.9	335	83	3	15	341	6	337	1.61e-163	466
FinalAssembly_bactGenome_correctedΩLimnothrix_sp_HT2024_chromosome_813	UniRef100_K9VF11~K03642	36.8	353	149	8	35	339	23	349	4.89e-52	182
FinalAssembly_bactGenome_correctedΩLimnothrix_sp_HT2024_chromosome_3355	UniRef100_B8HQT2~K03841	76.8	340	79	0	7	346	1	340	3.62e-188	528
FinalAssembly_bactGenome_correctedΩLimnothrix_sp_HT2024_chromosome_1216	UniRef100_K9S9F6~K00226	65.7	329	113	0	1	329	1	329	4.40e-154	442
FinalAssembly_bactGenome_correctedΩLimnothrix_sp_HT2024_chromosome_1977	UniRef100_K9WN45~K00845	61.6	352	125	3	1	348	1	346	1.95e-144	417
FinalAssembly_bactGenome_correctedΩLimnothrix_sp_HT2024_chromosome_1302	UniRef100_A0A0U2W7S3~K11444	39.0	318	187	4	35	347	1	316	1.21e-56	192
FinalAssembly_bactGenome_correctedΩLimnothrix_sp_HT2024_chromosome_152	UniRef100_K9VH44~K02851	69.1	350	102	2	2	346	3	351	5.90e-152	437
FinalAssembly_bactGenome_correctedΩLimnothrix_sp_HT2024_chromosome_1307	UniRef100_K9QKP4~K02051	59.6	332	130	2	11	341	16	344	1.14e-146	424
FinalAssembly_bactGenome_correctedΩLimnothrix_sp_HT2024_chromosome_340	UniRef100_B7KFG9~K02536	64.3	345	122	1	1	344	1	345	4.10e-83	261
FinalAssembly_bactGenome_correctedΩLimnothrix_sp_HT2024_chromosome_3611	UniRef100_K9XDF9~K04075	52.1	330	144	5	5	330	6	325	9.34e-102	308
FinalAssembly_bactGenome_correctedΩLimnothrix_sp_HT2024_chromosome_2951	UniRef100_K9XDH8~K07089	63.0	338	120	4	8	343	5	339	8.31e-132	385
FinalAssembly_bactGenome_correctedΩLimnothrix_sp_HT2024_chromosome_2853	UniRef100_Q7NK00~K10536	52.9	342	153	2	4	345	12	345	9.01e-126	370
FinalAssembly_bactGenome_correctedΩLimnothrix_sp_HT2024_chromosome_2233	UniRef100_A0A1D8TTL5~K05516	58.4	358	120	5	1	346	1	341	9.00e-129	377
FinalAssembly_bactGenome_correctedΩLimnothrix_sp_HT2024_chromosome_3472	UniRef100_F0YJS9~K11407	36.0	303	163	10	53	334	1	293	4.38e-38	144
FinalAssembly_bactGenome_correctedΩLimnothrix_sp_HT2024_chromosome_3033	UniRef100_B7K1R6~K11532	87.8	345	42	0	1	345	1	345	8.57e-217	600
FinalAssembly_bactGenome_correctedΩLimnothrix_sp_HT2024_chromosome_2753	UniRef100_K9TTC8~K02535	61.5	278	90	4	53	329	24	285	8.17e-110	327
FinalAssembly_bactGenome_correctedΩLimnothrix_sp_HT2024_chromosome_1803	UniRef100_K9S8D9~K03621	75.4	337	83	0	1	337	1	337	1.28e-174	494
FinalAssembly_bactGenome_correctedΩLimnothrix_sp_HT2024_chromosome_1447	UniRef100_K9VSI2~K00161	79.4	344	70	1	1	344	1	343	9.53e-202	562
FinalAssembly_bactGenome_correctedΩLimnothrix_sp_HT2024_chromosome_1853	UniRef100_K9S4Q9~K09811	54.7	287	130	0	42	328	10	296	2.67e-89	275
FinalAssembly_bactGenome_correctedΩLimnothrix_sp_HT2024_chromosome_1437	UniRef100_A0A0T7BPH6~K02045	65.4	341	112	3	1	341	1	335	1.80e-153	440
FinalAssembly_bactGenome_correctedΩLimnothrix_sp_HT2024_chromosome_815	UniRef100_B1XNH7~K01933	70.7	341	99	1	1	341	1	340	1.04e-176	499
FinalAssembly_bactGenome_correctedΩLimnothrix_sp_HT2024_chromosome_620	UniRef100_B8HQ61~K02836	76.6	334	78	0	1	334	24	357	6.83e-182	513
FinalAssembly_bactGenome_correctedΩLimnothrix_sp_HT2024_chromosome_1804	UniRef100_A0A0S3U9W5~K00648	66.7	336	105	1	5	340	4	332	6.47e-154	441
FinalAssembly_bactGenome_correctedΩLimnothrix_sp_HT2024_chromosome_3437	UniRef100_E0UIV2~K15553	68.6	328	98	2	17	339	19	346	3.08e-155	444
FinalAssembly_bactGenome_correctedΩLimnothrix_sp_HT2024_chromosome_614	UniRef100_K9XQ94~K00134	78.8	335	71	0	1	335	1	335	4.73e-194	543
FinalAssembly_bactGenome_correctedΩLimnothrix_sp_HT2024_chromosome_239	UniRef100_A0A1D8TDD3~K18444	37.0	303	172	6	36	334	20	307	1.51e-51	179
FinalAssembly_bactGenome_correctedΩLimnothrix_sp_HT2024_chromosome_110	UniRef100_K9TGD4~K01867	78.7	334	71	0	6	339	3	336	1.52e-197	551
FinalAssembly_bactGenome_correctedΩLimnothrix_sp_HT2024_chromosome_2399	UniRef100_A0A0S3TXB1~K01990	71.1	339	97	1	1	338	1	339	1.93e-168	478
FinalAssembly_bactGenome_correctedΩLimnothrix_sp_HT2024_chromosome_1999	UniRef100_K9R6H0~K02045	80.5	338	66	0	1	338	1	338	3.17e-197	550
FinalAssembly_bactGenome_correctedΩLimnothrix_sp_HT2024_chromosome_2367	UniRef100_K9SYC8~K02051	58.9	326	128	3	17	337	27	351	2.59e-128	376
FinalAssembly_bactGenome_correctedΩLimnothrix_sp_HT2024_chromosome_1958	UniRef100_K9T3K1~K00604	59.8	338	131	2	1	337	1	334	5.32e-134	390
FinalAssembly_bactGenome_correctedΩLimnothrix_sp_HT2024_chromosome_1808	UniRef100_K9PN27~K00426	89.0	335	37	0	1	335	1	335	1.23e-205	572
FinalAssembly_bactGenome_correctedΩLimnothrix_sp_HT2024_chromosome_598	UniRef100_B7K4Q9~K00150	86.6	337	45	0	1	337	1	337	9.34e-217	600
FinalAssembly_bactGenome_correctedΩLimnothrix_sp_HT2024_chromosome_3424	UniRef100_A0A0U2PA80~K05281	46.6	341	172	4	1	333	1	339	6.12e-99	301
FinalAssembly_bactGenome_correctedΩLimnothrix_sp_HT2024_chromosome_1879	UniRef100_K9S7Z7~K01784	75.3	328	81	0	7	334	5	332	1.53e-179	505
FinalAssembly_bactGenome_correctedΩLimnothrix_sp_HT2024_chromosome_1660	UniRef100_Q9WYG3~K00571	31.8	289	171	8	36	322	56	320	1.34e-32	129
FinalAssembly_bactGenome_correctedΩLimnothrix_sp_HT2024_chromosome_3008	UniRef100_D7E5J5~K02945	90.6	308	29	0	9	316	6	313	1.42e-193	541
FinalAssembly_bactGenome_correctedΩLimnothrix_sp_HT2024_chromosome_2762	UniRef100_A0A110AVG1~K03778	75.1	334	83	0	1	334	1	334	1.85e-182	513
FinalAssembly_bactGenome_correctedΩLimnothrix_sp_HT2024_chromosome_3399	UniRef100_B8HTU7~K04652	53.0	317	116	4	1	317	1	284	3.06e-101	305
FinalAssembly_bactGenome_correctedΩLimnothrix_sp_HT2024_chromosome_3347	UniRef100_A0A0X8WWG8~K03569	89.3	335	35	1	1	334	1	335	6.43e-209	580
FinalAssembly_bactGenome_correctedΩLimnothrix_sp_HT2024_chromosome_3071	UniRef100_L8AGV0~K01955	84.7	334	51	0	1	334	8	341	8.94e-206	572
FinalAssembly_bactGenome_correctedΩLimnothrix_sp_HT2024_chromosome_3036	UniRef100_B2J255~K01990	69.8	324	98	0	1	324	1	324	1.20e-160	457
FinalAssembly_bactGenome_correctedΩLimnothrix_sp_HT2024_chromosome_2619	UniRef100_A0A0T7BPT2~K00847	58.6	326	130	1	8	333	3	323	1.37e-123	363
FinalAssembly_bactGenome_correctedΩLimnothrix_sp_HT2024_chromosome_1365	UniRef100_D5A2X5~K01962	75.9	323	78	0	1	323	1	323	1.95e-178	502
FinalAssembly_bactGenome_correctedΩLimnothrix_sp_HT2024_chromosome_1068	UniRef100_A0A0X8WSC1~K01889	76.7	331	77	0	4	334	3	333	1.20e-185	521
FinalAssembly_bactGenome_correctedΩLimnothrix_sp_HT2024_chromosome_714	UniRef100_K9QSX0~K07335	31.1	325	211	3	17	331	25	346	1.04e-49	175
FinalAssembly_bactGenome_correctedΩLimnothrix_sp_HT2024_chromosome_459	UniRef100_Q2JMS8~K18534	84.0	312	49	1	1	312	5	315	2.08e-195	545
FinalAssembly_bactGenome_correctedΩLimnothrix_sp_HT2024_chromosome_3428	UniRef100_K9VIL7~K02275	54.8	336	140	4	1	330	1	330	8.10e-122	359
FinalAssembly_bactGenome_correctedΩLimnothrix_sp_HT2024_chromosome_3406	UniRef100_B1XPS7~K04040	81.7	333	60	1	1	333	23	354	4.36e-200	558
FinalAssembly_bactGenome_correctedΩLimnothrix_sp_HT2024_chromosome_3009	UniRef100_K9TEY2~K03928	56.2	317	136	2	9	324	19	333	3.88e-117	347
FinalAssembly_bactGenome_correctedΩLimnothrix_sp_HT2024_chromosome_2438	UniRef100_A0A120MVI6~K00855	84.9	324	49	0	1	324	1	324	4.69e-209	580
FinalAssembly_bactGenome_correctedΩLimnothrix_sp_HT2024_chromosome_3528	UniRef100_A0A0X8WUQ1~K02227	58.7	327	118	4	9	325	29	348	7.08e-119	352
FinalAssembly_bactGenome_correctedΩLimnothrix_sp_HT2024_chromosome_3430	UniRef100_D5A513~K02257	63.3	330	113	3	1	330	1	322	1.53e-136	396
FinalAssembly_bactGenome_correctedΩLimnothrix_sp_HT2024_chromosome_2506	UniRef100_B0JG72~K07147	59.6	334	126	3	1	332	1	327	6.11e-144	415
FinalAssembly_bactGenome_correctedΩLimnothrix_sp_HT2024_chromosome_2480	UniRef100_Q2JIH7~K00344	64.0	331	118	1	1	330	1	331	1.24e-142	412
FinalAssembly_bactGenome_correctedΩLimnothrix_sp_HT2024_chromosome_3330	UniRef100_B8HKY4~K01011	66.0	318	103	3	16	329	8	324	8.15e-156	445
FinalAssembly_bactGenome_correctedΩLimnothrix_sp_HT2024_chromosome_3313	UniRef100_Q8YRR3~K00721	69.1	311	96	0	20	330	22	332	4.23e-151	433
FinalAssembly_bactGenome_correctedΩLimnothrix_sp_HT2024_chromosome_2266	UniRef100_A0A1Y0RKI4~K00214	53.7	326	146	1	5	330	11	331	7.85e-115	341
FinalAssembly_bactGenome_correctedΩLimnothrix_sp_HT2024_chromosome_1453	UniRef100_A0A0S3U3T0~K03595	70.4	301	89	0	31	331	11	311	9.29e-156	444
FinalAssembly_bactGenome_correctedΩLimnothrix_sp_HT2024_chromosome_822	UniRef100_K9VG54~K00609	77.6	326	71	1	5	330	2	325	1.18e-178	503
FinalAssembly_bactGenome_correctedΩLimnothrix_sp_HT2024_chromosome_103	UniRef100_K9TGL8~K03074	55.1	314	132	3	1	313	1	306	5.23e-111	331
FinalAssembly_bactGenome_correctedΩLimnothrix_sp_HT2024_chromosome_2986	UniRef100_K9VUU4~K06153	66.8	295	95	3	37	329	29	322	6.34e-123	361
FinalAssembly_bactGenome_correctedΩLimnothrix_sp_HT2024_chromosome_2444	UniRef100_A0A0S3U3G4~K03639	77.2	325	74	0	6	330	4	328	2.68e-189	530
FinalAssembly_bactGenome_correctedΩLimnothrix_sp_HT2024_chromosome_1504	UniRef100_K9TQ38~K03087	71.9	334	90	2	1	330	1	334	5.49e-153	438
FinalAssembly_bactGenome_correctedΩLimnothrix_sp_HT2024_chromosome_1361	UniRef100_K9T2J5~K18534	81.9	310	50	1	12	315	3	312	3.77e-187	524
FinalAssembly_bactGenome_correctedΩLimnothrix_sp_HT2024_chromosome_116	UniRef100_K9S6L7~K00053	85.8	330	47	0	1	330	1	330	1.24e-204	568
FinalAssembly_bactGenome_correctedΩLimnothrix_sp_HT2024_chromosome_1636	UniRef100_B8I8J2~K15328	31.4	322	206	5	1	318	1	311	2.49e-48	171
FinalAssembly_bactGenome_correctedΩLimnothrix_sp_HT2024_chromosome_1102	UniRef100_K9WKZ9~K05275	74.2	326	83	1	5	329	1	326	1.33e-179	505
FinalAssembly_bactGenome_correctedΩLimnothrix_sp_HT2024_chromosome_989	UniRef100_B5EKK3~K21703	35.1	305	190	5	7	311	6	302	3.14e-49	172
FinalAssembly_bactGenome_correctedΩLimnothrix_sp_HT2024_chromosome_5	UniRef100_A0A0X8WV50~K14540	59.9	329	89	5	1	329	1	286	2.47e-124	364
FinalAssembly_bactGenome_correctedΩLimnothrix_sp_HT2024_chromosome_3333	UniRef100_B0KNQ3~K02049	48.7	269	123	2	60	323	5	263	1.82e-68	221
FinalAssembly_bactGenome_correctedΩLimnothrix_sp_HT2024_chromosome_3248	UniRef100_Q54776~K01963	80.6	283	55	0	1	283	1	283	1.42e-164	466
FinalAssembly_bactGenome_correctedΩLimnothrix_sp_HT2024_chromosome_1962	UniRef100_A0A0X8WS89~K02341	54.4	320	140	2	6	325	15	328	3.52e-112	334
FinalAssembly_bactGenome_correctedΩLimnothrix_sp_HT2024_chromosome_1856	UniRef100_K9WL54~K06971	74.7	281	69	1	44	324	2	280	8.84e-143	410
FinalAssembly_bactGenome_correctedΩLimnothrix_sp_HT2024_chromosome_936	UniRef100_P73548~K00981	66.0	294	97	2	35	327	2	293	4.87e-134	388
FinalAssembly_bactGenome_correctedΩLimnothrix_sp_HT2024_chromosome_3622	UniRef100_K9R8D0~K00162	87.2	327	42	0	1	327	1	327	5.99e-208	577
FinalAssembly_bactGenome_correctedΩLimnothrix_sp_HT2024_chromosome_3361	UniRef100_E0UHC2~K07086	79.1	326	65	1	1	326	1	323	1.80e-176	497
FinalAssembly_bactGenome_correctedΩLimnothrix_sp_HT2024_chromosome_3062	UniRef100_K9W3Q0~K07496	70.3	323	94	2	1	322	1	322	4.23e-161	458
FinalAssembly_bactGenome_correctedΩLimnothrix_sp_HT2024_chromosome_2757	UniRef100_A0A0S3P6M2~K01698	89.0	326	36	0	1	326	1	326	1.62e-214	593
FinalAssembly_bactGenome_correctedΩLimnothrix_sp_HT2024_chromosome_2032	UniRef100_K9W3Q0~K07496	68.7	323	99	2	1	322	1	322	2.55e-155	443
FinalAssembly_bactGenome_correctedΩLimnothrix_sp_HT2024_chromosome_1587	UniRef100_A0A0X8WU07~K00241	72.3	296	82	0	31	326	11	306	5.05e-163	462
FinalAssembly_bactGenome_correctedΩLimnothrix_sp_HT2024_chromosome_561	UniRef100_K9VPE7~K07978	68.2	327	103	1	1	326	1	327	8.86e-157	447
FinalAssembly_bactGenome_correctedΩLimnothrix_sp_HT2024_chromosome_2505	UniRef100_Q0SJL6~K00344	51.4	323	150	3	1	320	1	319	4.73e-106	318
FinalAssembly_bactGenome_correctedΩLimnothrix_sp_HT2024_chromosome_2326	UniRef100_B7K0V8~K02040	67.1	295	91	3	32	325	29	318	6.73e-137	396
FinalAssembly_bactGenome_correctedΩLimnothrix_sp_HT2024_chromosome_1998	UniRef100_A0A1W5CHF7~K01563	49.5	293	147	1	23	314	7	299	7.09e-109	325
FinalAssembly_bactGenome_correctedΩLimnothrix_sp_HT2024_chromosome_1278	UniRef100_K9SA83~K01738	84.3	324	51	0	1	324	1	324	1.44e-201	560
FinalAssembly_bactGenome_correctedΩLimnothrix_sp_HT2024_chromosome_327	UniRef100_K9UEN4~K17838	49.3	296	129	2	33	325	12	289	1.73e-98	298
FinalAssembly_bactGenome_correctedΩLimnothrix_sp_HT2024_chromosome_54	UniRef100_K9X527~K02549	46.2	316	162	3	9	322	6	315	2.92e-88	273
FinalAssembly_bactGenome_correctedΩLimnothrix_sp_HT2024_chromosome_3467	UniRef100_A8ZPC6~K03928	47.4	272	130	2	10	279	6	266	2.48e-77	243
FinalAssembly_bactGenome_correctedΩLimnothrix_sp_HT2024_chromosome_2393	UniRef100_A0A250IMG2~K00571	45.8	284	125	3	3	265	14	289	1.09e-87	270
FinalAssembly_bactGenome_correctedΩLimnothrix_sp_HT2024_chromosome_1272	UniRef100_A0A0S3U4P5~K01424	73.8	313	79	2	11	323	7	316	4.32e-149	427
FinalAssembly_bactGenome_correctedΩLimnothrix_sp_HT2024_chromosome_325	UniRef100_A0A1D8U0Y8~K01990	62.3	321	111	1	4	324	6	316	6.60e-134	389
FinalAssembly_bactGenome_correctedΩLimnothrix_sp_HT2024_chromosome_240	UniRef100_A0A143BKS2~K00809	76.4	322	73	2	3	323	8	327	3.04e-182	511
FinalAssembly_bactGenome_correctedΩLimnothrix_sp_HT2024_chromosome_3619	UniRef100_D5A218~K00057	65.3	311	107	1	11	321	5	314	1.75e-133	387
FinalAssembly_bactGenome_correctedΩLimnothrix_sp_HT2024_chromosome_3079	UniRef100_K9S5N7~K01920	73.4	319	82	2	1	316	1	319	3.35e-166	471
FinalAssembly_bactGenome_correctedΩLimnothrix_sp_HT2024_chromosome_2691	UniRef100_K9XGU0~K00919	59.6	317	122	2	1	317	10	320	7.79e-118	348
FinalAssembly_bactGenome_correctedΩLimnothrix_sp_HT2024_chromosome_1474	UniRef100_K9W1A8~K05356	73.7	323	85	0	1	323	1	323	5.76e-160	455
FinalAssembly_bactGenome_correctedΩLimnothrix_sp_HT2024_chromosome_2930	UniRef100_A0A125STT2~K05516	65.4	324	108	3	1	322	1	322	7.15e-151	432
FinalAssembly_bactGenome_correctedΩLimnothrix_sp_HT2024_chromosome_3429	UniRef100_K9VB42~K02259	55.5	281	125	0	32	312	21	301	2.47e-98	298
FinalAssembly_bactGenome_correctedΩLimnothrix_sp_HT2024_chromosome_2683	UniRef100_K9SCH6~K01738	85.3	312	46	0	3	314	1	312	2.43e-190	531
FinalAssembly_bactGenome_correctedΩLimnothrix_sp_HT2024_chromosome_2313	UniRef100_A0A0H2Z5T9~K12987	30.5	292	189	6	2	290	14	294	6.00e-18	89.0
FinalAssembly_bactGenome_correctedΩLimnothrix_sp_HT2024_chromosome_1146	UniRef100_I0IPB8~K12984	33.2	286	145	8	15	295	24	268	2.31e-33	130
FinalAssembly_bactGenome_correctedΩLimnothrix_sp_HT2024_chromosome_609	UniRef100_A0A0A8K4E2~K04761	31.2	311	205	7	12	316	6	313	5.28e-24	105
FinalAssembly_bactGenome_correctedΩLimnothrix_sp_HT2024_chromosome_278	UniRef100_K9W8X8~K00091	64.9	316	111	0	1	316	1	316	7.42e-146	419
FinalAssembly_bactGenome_correctedΩLimnothrix_sp_HT2024_chromosome_255	UniRef100_B1XJX7~K02487	31.5	327	188	5	2	316	4	306	9.78e-43	155
FinalAssembly_bactGenome_correctedΩLimnothrix_sp_HT2024_chromosome_3268	UniRef100_K9TN27~K02634	73.3	315	84	0	6	320	15	329	6.03e-158	450
FinalAssembly_bactGenome_correctedΩLimnothrix_sp_HT2024_chromosome_2484	UniRef100_K9WFW9~K00218	75.7	317	77	0	1	317	1	317	3.56e-178	501
FinalAssembly_bactGenome_correctedΩLimnothrix_sp_HT2024_chromosome_2373	UniRef100_A0A1W5CI86~K02033	66.9	320	106	0	1	320	1	320	4.12e-149	427
FinalAssembly_bactGenome_correctedΩLimnothrix_sp_HT2024_chromosome_1046	UniRef100_A0A140KB12~K16555	30.1	306	179	11	4	293	7	293	1.08e-19	94.4
FinalAssembly_bactGenome_correctedΩLimnothrix_sp_HT2024_chromosome_556	UniRef100_K9WJI8~K01749	75.2	318	79	0	3	320	5	322	1.28e-169	479
FinalAssembly_bactGenome_correctedΩLimnothrix_sp_HT2024_chromosome_3381	UniRef100_A0A0F6SAM3~K02849	30.1	309	173	14	12	291	23	317	9.66e-16	83.6
FinalAssembly_bactGenome_correctedΩLimnothrix_sp_HT2024_chromosome_3219	UniRef100_K9S940~K06180	64.2	310	105	2	6	314	14	318	3.45e-140	404
FinalAssembly_bactGenome_correctedΩLimnothrix_sp_HT2024_chromosome_3609	UniRef100_K9S664~K16785	62.9	315	105	2	1	315	1	303	2.13e-121	356
FinalAssembly_bactGenome_correctedΩLimnothrix_sp_HT2024_chromosome_2353	UniRef100_A0A110AW63~K06217	73.9	303	79	0	13	315	14	316	1.41e-162	461
FinalAssembly_bactGenome_correctedΩLimnothrix_sp_HT2024_chromosome_1470	UniRef100_A0A1D8TQP9~K02663	35.3	292	151	5	1	287	1	259	8.02e-43	154
FinalAssembly_bactGenome_correctedΩLimnothrix_sp_HT2024_chromosome_1428	UniRef100_K9WQC2~K03497	55.0	280	119	3	32	308	25	300	1.67e-95	290
FinalAssembly_bactGenome_correctedΩLimnothrix_sp_HT2024_chromosome_1047	UniRef100_K9TEU2~K03087	80.2	318	63	0	1	318	1	318	4.59e-173	488
FinalAssembly_bactGenome_correctedΩLimnothrix_sp_HT2024_chromosome_812	UniRef100_A0A120MWG3~K03517	83.1	308	52	0	11	318	13	320	2.51e-189	529
FinalAssembly_bactGenome_correctedΩLimnothrix_sp_HT2024_chromosome_3167	UniRef100_Q111V4~K01784	69.0	316	98	0	1	316	1	316	6.48e-163	462
FinalAssembly_bactGenome_correctedΩLimnothrix_sp_HT2024_chromosome_2805	UniRef100_A0A0X8WVC7~K00796	64.4	295	88	1	17	311	7	284	4.79e-127	370
FinalAssembly_bactGenome_correctedΩLimnothrix_sp_HT2024_chromosome_2163	UniRef100_K9SBK4~K20534	75.9	311	75	0	1	311	1	311	3.44e-174	491
FinalAssembly_bactGenome_correctedΩLimnothrix_sp_HT2024_chromosome_2099	UniRef100_K9WFR4~K01424	63.3	316	116	0	1	316	1	316	3.30e-149	427
FinalAssembly_bactGenome_correctedΩLimnothrix_sp_HT2024_chromosome_886	UniRef100_K9WFD9~K02291	70.3	317	86	2	1	317	1	309	1.02e-155	443
FinalAssembly_bactGenome_correctedΩLimnothrix_sp_HT2024_chromosome_3577	UniRef100_K9S6K0~K01297	57.8	313	119	2	4	316	1	300	1.04e-124	364
FinalAssembly_bactGenome_correctedΩLimnothrix_sp_HT2024_chromosome_2417	UniRef100_A0A1Z3HNK2~K01259	72.4	312	86	0	3	314	4	315	1.02e-175	494
FinalAssembly_bactGenome_correctedΩLimnothrix_sp_HT2024_chromosome_1728	UniRef100_K9S681~K02377	80.8	312	60	0	4	315	3	314	1.22e-192	537
FinalAssembly_bactGenome_correctedΩLimnothrix_sp_HT2024_chromosome_1653	UniRef100_W0EBE1~K07029	31.3	281	186	3	11	285	8	287	1.27e-35	136
FinalAssembly_bactGenome_correctedΩLimnothrix_sp_HT2024_chromosome_1192	UniRef100_K9PE35~K02115	81.2	313	59	0	1	313	1	313	2.43e-169	478
FinalAssembly_bactGenome_correctedΩLimnothrix_sp_HT2024_chromosome_1925	UniRef100_K9TJE8~K01990	79.9	283	57	0	33	315	1	283	2.23e-164	464
FinalAssembly_bactGenome_correctedΩLimnothrix_sp_HT2024_chromosome_1128	UniRef100_W5YAA5~K06223	72.4	293	80	1	6	298	27	318	3.55e-160	455
FinalAssembly_bactGenome_correctedΩLimnothrix_sp_HT2024_chromosome_935	UniRef100_K9W9L2~K00858	69.2	315	88	1	1	315	1	306	6.08e-161	456
FinalAssembly_bactGenome_correctedΩLimnothrix_sp_HT2024_chromosome_906	UniRef100_A0A0S3TQU6~K00286	63.8	268	96	1	48	314	3	270	1.11e-104	312
FinalAssembly_bactGenome_correctedΩLimnothrix_sp_HT2024_chromosome_492	UniRef100_A0A0S3UAG7~K00784	74.6	307	78	0	1	307	3	309	3.64e-174	490
FinalAssembly_bactGenome_correctedΩLimnothrix_sp_HT2024_chromosome_294	UniRef100_K9UCX0~K06223	68.9	315	93	2	1	314	1	311	2.48e-156	445
FinalAssembly_bactGenome_correctedΩLimnothrix_sp_HT2024_chromosome_3654	UniRef100_A0A0X8WXZ5~K07243	55.1	303	131	2	1	303	1	298	2.62e-104	313
FinalAssembly_bactGenome_correctedΩLimnothrix_sp_HT2024_chromosome_3155	UniRef100_K9TK24~K03040	76.1	314	75	0	1	314	1	314	1.91e-168	476
FinalAssembly_bactGenome_correctedΩLimnothrix_sp_HT2024_chromosome_2983	UniRef100_A0A1D8TM62~K03177	56.9	306	123	5	4	308	3	300	7.79e-105	314
FinalAssembly_bactGenome_correctedΩLimnothrix_sp_HT2024_chromosome_2949	UniRef100_A0A1W5CI72~K00433	41.1	287	155	5	29	309	21	299	5.83e-70	225
FinalAssembly_bactGenome_correctedΩLimnothrix_sp_HT2024_chromosome_2034	UniRef100_A0A0S3PC21~K08994	59.9	289	116	0	12	300	4	292	4.98e-124	363
FinalAssembly_bactGenome_correctedΩLimnothrix_sp_HT2024_chromosome_1730	UniRef100_A0A140K558~K07027	50.3	304	137	3	1	294	8	307	3.62e-92	282
FinalAssembly_bactGenome_correctedΩLimnothrix_sp_HT2024_chromosome_821	UniRef100_A0A125STP5~K02340	55.9	313	134	3	1	311	14	324	6.24e-111	330
FinalAssembly_bactGenome_correctedΩLimnothrix_sp_HT2024_chromosome_3308	UniRef100_B8HWF6~K01990	64.8	307	108	0	7	313	18	324	8.31e-146	419
FinalAssembly_bactGenome_correctedΩLimnothrix_sp_HT2024_chromosome_2442	UniRef100_A0A085TJP1~K13283	30.6	281	182	8	22	295	14	288	2.74e-33	130
FinalAssembly_bactGenome_correctedΩLimnothrix_sp_HT2024_chromosome_2324	UniRef100_A0A0S3TTW9~K02038	69.4	301	91	1	13	313	8	307	3.41e-143	411
FinalAssembly_bactGenome_correctedΩLimnothrix_sp_HT2024_chromosome_1620	UniRef100_K9VBN6~K07106	74.1	278	69	1	7	284	6	280	4.06e-134	388
FinalAssembly_bactGenome_correctedΩLimnothrix_sp_HT2024_chromosome_3317	UniRef100_K9XJJ9~K08678	84.6	311	47	1	1	311	1	310	2.48e-199	554
FinalAssembly_bactGenome_correctedΩLimnothrix_sp_HT2024_chromosome_2164	UniRef100_Q10ZI1~K20534	63.2	304	112	0	5	308	6	309	3.33e-137	396
FinalAssembly_bactGenome_correctedΩLimnothrix_sp_HT2024_chromosome_1650	UniRef100_K9XC49~K00852	53.8	305	138	1	2	306	3	304	4.21e-88	271
FinalAssembly_bactGenome_correctedΩLimnothrix_sp_HT2024_chromosome_1495	UniRef100_Q8YXS1~K01448	59.1	313	127	1	1	312	1	313	3.67e-127	371
FinalAssembly_bactGenome_correctedΩLimnothrix_sp_HT2024_chromosome_991	UniRef100_A0A1W5CH97~K01784	69.5	311	94	1	1	310	1	311	3.92e-162	459
FinalAssembly_bactGenome_correctedΩLimnothrix_sp_HT2024_chromosome_800	UniRef100_A0A1D8TYM2~K02275	66.0	312	95	4	1	308	1	305	8.04e-136	393
FinalAssembly_bactGenome_correctedΩLimnothrix_sp_HT2024_chromosome_360	UniRef100_K9QPX8~K03924	71.2	306	88	0	6	311	21	326	4.54e-155	442
FinalAssembly_bactGenome_correctedΩLimnothrix_sp_HT2024_chromosome_3440	UniRef100_A0A1W5CLB8~K01448	50.2	317	146	6	1	310	1	312	5.01e-100	302
FinalAssembly_bactGenome_correctedΩLimnothrix_sp_HT2024_chromosome_2792	UniRef100_K9SAE2~K00611	72.0	304	84	1	6	308	2	305	9.60e-152	433
FinalAssembly_bactGenome_correctedΩLimnothrix_sp_HT2024_chromosome_774	UniRef100_K9W8U5~K08715	51.4	282	136	1	20	301	60	340	1.68e-94	289
FinalAssembly_bactGenome_correctedΩLimnothrix_sp_HT2024_chromosome_3450	UniRef100_K9QNF7~K02007	71.7	307	86	1	1	307	1	306	1.40e-148	425
FinalAssembly_bactGenome_correctedΩLimnothrix_sp_HT2024_chromosome_409	UniRef100_E0UDJ4~K00858	71.1	304	88	0	7	310	2	305	3.86e-162	459
FinalAssembly_bactGenome_correctedΩLimnothrix_sp_HT2024_chromosome_3094	UniRef100_K9T7C7~K00606	69.4	258	79	0	37	294	1	258	1.29e-116	342
FinalAssembly_bactGenome_correctedΩLimnothrix_sp_HT2024_chromosome_2170	UniRef100_A0A126R1P3~K04518	31.7	290	173	9	5	292	6	272	1.36e-35	135
FinalAssembly_bactGenome_correctedΩLimnothrix_sp_HT2024_chromosome_1779	UniRef100_A0A0K2HBD4~K21064	31.0	281	170	8	27	302	5	266	1.74e-26	111
FinalAssembly_bactGenome_correctedΩLimnothrix_sp_HT2024_chromosome_3567	UniRef100_A0A068N458~K19075	56.8	301	119	3	8	301	4	300	1.26e-116	343
FinalAssembly_bactGenome_correctedΩLimnothrix_sp_HT2024_chromosome_3375	UniRef100_Q8YWC1~K03644	86.5	288	39	0	11	298	4	291	2.53e-184	514
FinalAssembly_bactGenome_correctedΩLimnothrix_sp_HT2024_chromosome_3178	UniRef100_A0A0H3FZU5~K17737	30.2	275	175	5	1	268	1	265	1.49e-26	112
FinalAssembly_bactGenome_correctedΩLimnothrix_sp_HT2024_chromosome_2325	UniRef100_K9T3B9~K02037	73.4	286	76	0	23	308	24	309	3.85e-139	401
FinalAssembly_bactGenome_correctedΩLimnothrix_sp_HT2024_chromosome_637	UniRef100_A0A0K2LYL5~K15918	48.5	299	144	4	2	299	57	346	1.86e-99	301
FinalAssembly_bactGenome_correctedΩLimnothrix_sp_HT2024_chromosome_423	UniRef100_K9T7T7~K02037	78.3	299	65	0	10	308	30	328	1.72e-156	446
FinalAssembly_bactGenome_correctedΩLimnothrix_sp_HT2024_chromosome_53	UniRef100_B0C1Y3~K02548	66.2	287	97	0	16	302	9	295	1.85e-129	376
FinalAssembly_bactGenome_correctedΩLimnothrix_sp_HT2024_chromosome_3058	UniRef100_A0A0X8WVX1~K01990	58.9	299	123	0	1	299	1	299	1.74e-121	356
FinalAssembly_bactGenome_correctedΩLimnothrix_sp_HT2024_chromosome_1429	UniRef100_Q24PR3~K21900	33.4	302	191	5	6	307	3	294	2.80e-47	166
FinalAssembly_bactGenome_correctedΩLimnothrix_sp_HT2024_chromosome_600	UniRef100_D5A241~K00075	61.4	290	111	1	15	304	29	317	9.01e-126	367
FinalAssembly_bactGenome_correctedΩLimnothrix_sp_HT2024_chromosome_258	UniRef100_K9XMA1~K04763	59.0	283	109	3	28	307	23	301	8.85e-107	318
FinalAssembly_bactGenome_correctedΩLimnothrix_sp_HT2024_chromosome_2591	UniRef100_K9S5A1~K07088	52.4	307	134	2	11	305	11	317	3.46e-91	280
FinalAssembly_bactGenome_correctedΩLimnothrix_sp_HT2024_chromosome_2160	UniRef100_E0UE28~K06998	51.3	298	141	2	9	303	4	300	7.63e-93	283
FinalAssembly_bactGenome_correctedΩLimnothrix_sp_HT2024_chromosome_1445	UniRef100_K9QYQ2~K09819	70.8	274	80	0	4	277	2	275	7.13e-126	366
FinalAssembly_bactGenome_correctedΩLimnothrix_sp_HT2024_chromosome_640	UniRef100_Q10XL0~K01425	42.2	268	154	1	34	300	26	293	5.13e-67	217
FinalAssembly_bactGenome_correctedΩLimnothrix_sp_HT2024_chromosome_1914	UniRef100_K9V052~K07090	68.2	261	79	1	6	266	3	259	5.04e-113	333
FinalAssembly_bactGenome_correctedΩLimnothrix_sp_HT2024_chromosome_1722	UniRef100_K9UHK5~K13789	69.4	297	90	1	9	305	10	305	9.49e-143	410
FinalAssembly_bactGenome_correctedΩLimnothrix_sp_HT2024_chromosome_1524	UniRef100_B8FBA8~K11418	34.6	298	183	5	3	288	32	329	4.20e-49	172
FinalAssembly_bactGenome_correctedΩLimnothrix_sp_HT2024_chromosome_1363	UniRef100_A0A0X8WW87~K07071	66.6	305	102	0	1	305	1	305	2.60e-143	411
FinalAssembly_bactGenome_correctedΩLimnothrix_sp_HT2024_chromosome_246	UniRef100_A0A0S3U6K3~K01902	59.0	300	115	3	1	296	1	296	2.50e-118	348
FinalAssembly_bactGenome_correctedΩLimnothrix_sp_HT2024_chromosome_2056	UniRef100_P73114~K08680	53.7	287	123	4	1	285	1	279	4.05e-105	313
FinalAssembly_bactGenome_correctedΩLimnothrix_sp_HT2024_chromosome_1651	UniRef100_K9QLP3~K00872	61.0	300	116	1	1	299	1	300	2.35e-123	360
FinalAssembly_bactGenome_correctedΩLimnothrix_sp_HT2024_chromosome_621	UniRef100_B1XQ69~K00826	75.0	304	75	1	1	304	1	303	1.19e-168	475
FinalAssembly_bactGenome_correctedΩLimnothrix_sp_HT2024_chromosome_3257	UniRef100_K9WML3~K03469	61.4	293	97	7	18	299	6	293	4.27e-114	337
FinalAssembly_bactGenome_correctedΩLimnothrix_sp_HT2024_chromosome_941	UniRef100_A0A0B4X5A6~K16556	32.3	300	193	7	1	299	6	296	1.42e-33	130
FinalAssembly_bactGenome_correctedΩLimnothrix_sp_HT2024_chromosome_424	UniRef100_A0A1D8TSR8~K02038	69.4	284	87	0	16	299	16	299	1.93e-136	394
FinalAssembly_bactGenome_correctedΩLimnothrix_sp_HT2024_chromosome_3494	UniRef100_K9XAH9~K17245	75.8	281	68	0	17	297	16	296	8.95e-155	440
FinalAssembly_bactGenome_correctedΩLimnothrix_sp_HT2024_chromosome_3451	UniRef100_C3Z460~K15523	35.2	298	157	8	32	301	20	309	1.47e-47	167
FinalAssembly_bactGenome_correctedΩLimnothrix_sp_HT2024_chromosome_1390	UniRef100_K9S9X2~K03438	63.2	304	105	3	1	301	1	300	4.69e-123	360
FinalAssembly_bactGenome_correctedΩLimnothrix_sp_HT2024_chromosome_1299	UniRef100_K9WNM8~K01737	57.5	273	108	3	5	275	3	269	1.02e-106	318
FinalAssembly_bactGenome_correctedΩLimnothrix_sp_HT2024_chromosome_471	UniRef100_A0A1W5CEG1~K02493	59.9	287	108	3	6	285	15	301	1.50e-110	328
FinalAssembly_bactGenome_correctedΩLimnothrix_sp_HT2024_chromosome_3497	UniRef100_K9TQI4~K03584	46.8	316	132	5	4	295	2	305	5.56e-82	255
FinalAssembly_bactGenome_correctedΩLimnothrix_sp_HT2024_chromosome_2763	UniRef100_D4ZQM3~K02294	77.5	284	62	2	17	300	10	291	1.58e-169	477
FinalAssembly_bactGenome_correctedΩLimnothrix_sp_HT2024_chromosome_2149	UniRef100_A0A0S3TN20~K04083	72.8	298	81	0	1	298	1	298	3.22e-155	441
FinalAssembly_bactGenome_correctedΩLimnothrix_sp_HT2024_chromosome_427	UniRef100_K9T8I6~K01609	70.5	292	85	1	1	292	1	291	6.10e-135	389
FinalAssembly_bactGenome_correctedΩLimnothrix_sp_HT2024_chromosome_2627	UniRef100_A0A0S3TLK1~K06223	42.8	271	144	5	22	291	3	263	1.78e-65	212
FinalAssembly_bactGenome_correctedΩLimnothrix_sp_HT2024_chromosome_2489	UniRef100_K9VYM6~K09819	66.1	274	93	0	1	274	2	275	2.26e-122	357
FinalAssembly_bactGenome_correctedΩLimnothrix_sp_HT2024_chromosome_2380	UniRef100_K9SAT2~K00930	80.7	296	56	1	4	299	4	298	3.20e-171	481
FinalAssembly_bactGenome_correctedΩLimnothrix_sp_HT2024_chromosome_2188	UniRef100_K9SA42~K00772	73.6	284	75	0	15	298	6	289	1.40e-153	436
FinalAssembly_bactGenome_correctedΩLimnothrix_sp_HT2024_chromosome_750	UniRef100_A0A1W5CI72~K00433	60.9	299	114	2	1	297	1	298	1.01e-127	371
FinalAssembly_bactGenome_correctedΩLimnothrix_sp_HT2024_chromosome_358	UniRef100_A0A1W5CH59~K00784	70.5	281	83	0	1	281	1	281	4.59e-154	438
FinalAssembly_bactGenome_correctedΩLimnothrix_sp_HT2024_chromosome_1931	UniRef100_A0A0H3K2I0~K01674	42.5	259	125	8	35	291	1	237	5.53e-50	171
FinalAssembly_bactGenome_correctedΩLimnothrix_sp_HT2024_chromosome_1920	UniRef100_D4ZQH0~K02233	63.5	244	89	0	50	293	50	293	1.13e-98	297
FinalAssembly_bactGenome_correctedΩLimnothrix_sp_HT2024_chromosome_880	UniRef100_A0A0S3UAG9~K03589	37.1	272	160	2	14	285	1	261	6.25e-48	167
FinalAssembly_bactGenome_correctedΩLimnothrix_sp_HT2024_chromosome_764	UniRef100_A0A1W5CQU6~K01561	48.2	278	141	3	11	288	8	282	4.46e-88	270
FinalAssembly_bactGenome_correctedΩLimnothrix_sp_HT2024_chromosome_2768	UniRef100_Q8DK36~K01878	80.9	293	56	0	1	293	1	293	9.37e-185	515
FinalAssembly_bactGenome_correctedΩLimnothrix_sp_HT2024_chromosome_2739	UniRef100_K9VMU6~K02687	63.3	297	108	1	1	297	1	296	4.37e-144	412
FinalAssembly_bactGenome_correctedΩLimnothrix_sp_HT2024_chromosome_1640	UniRef100_I2ESH0~K07001	32.7	321	173	10	6	286	24	341	1.35e-39	147
FinalAssembly_bactGenome_correctedΩLimnothrix_sp_HT2024_chromosome_1381	UniRef100_A0A1D8U2V7~K11071	76.6	278	65	0	20	297	10	287	1.83e-150	428
FinalAssembly_bactGenome_correctedΩLimnothrix_sp_HT2024_chromosome_1374	UniRef100_A0A0S2TH49~K18912	30.2	295	143	16	34	281	29	307	9.92e-15	79.7
FinalAssembly_bactGenome_correctedΩLimnothrix_sp_HT2024_chromosome_269	UniRef100_K9SB66~K00845	74.2	295	76	0	3	297	10	304	1.32e-152	434
FinalAssembly_bactGenome_correctedΩLimnothrix_sp_HT2024_chromosome_3270	UniRef100_K9VFN1~K16915	31.5	254	159	5	13	261	7	250	2.26e-33	129
FinalAssembly_bactGenome_correctedΩLimnothrix_sp_HT2024_chromosome_2645	UniRef100_K9XYE0~K02034	66.0	288	98	0	4	291	16	303	1.18e-133	386
FinalAssembly_bactGenome_correctedΩLimnothrix_sp_HT2024_chromosome_1845	UniRef100_B1XJE4~K07448	49.8	293	132	4	4	295	8	286	3.73e-89	273
FinalAssembly_bactGenome_correctedΩLimnothrix_sp_HT2024_chromosome_272	UniRef100_A0A110AXX3~K03496	39.0	277	135	9	11	286	3	246	2.01e-35	134
FinalAssembly_bactGenome_correctedΩLimnothrix_sp_HT2024_chromosome_838	UniRef100_K9T4K0~K00020	62.4	290	107	1	3	290	56	345	6.02e-112	333
FinalAssembly_bactGenome_correctedΩLimnothrix_sp_HT2024_chromosome_2359	UniRef100_K9SBY1~K00020	57.7	281	118	1	7	287	6	285	3.13e-93	283
FinalAssembly_bactGenome_correctedΩLimnothrix_sp_HT2024_chromosome_2127	UniRef100_A0A0S3TWK2~K02528	64.6	271	94	1	1	271	1	269	2.82e-118	346
FinalAssembly_bactGenome_correctedΩLimnothrix_sp_HT2024_chromosome_2104	UniRef100_K9WE93~K03190	50.2	279	136	3	15	291	8	285	1.86e-94	286
FinalAssembly_bactGenome_correctedΩLimnothrix_sp_HT2024_chromosome_1688	UniRef100_B2J3C8~K00767	64.7	286	99	1	2	287	3	286	9.53e-124	360
FinalAssembly_bactGenome_correctedΩLimnothrix_sp_HT2024_chromosome_1135	UniRef100_P74591~K00014	59.6	280	112	1	6	285	4	282	6.35e-108	320
FinalAssembly_bactGenome_correctedΩLimnothrix_sp_HT2024_chromosome_1116	UniRef100_A0A0H5PSN2~K03086	47.8	289	137	5	8	285	18	303	1.23e-66	216
FinalAssembly_bactGenome_correctedΩLimnothrix_sp_HT2024_chromosome_1045	UniRef100_Q2JHL5~K07052	37.8	270	150	3	11	280	7	258	3.49e-43	154
FinalAssembly_bactGenome_correctedΩLimnothrix_sp_HT2024_chromosome_1012	UniRef100_K9YX92~K01057	58.9	248	90	5	44	291	1	236	1.84e-99	297
FinalAssembly_bactGenome_correctedΩLimnothrix_sp_HT2024_chromosome_72	UniRef100_K9XC59~K15578	77.5	275	62	0	18	292	17	291	2.22e-147	421
FinalAssembly_bactGenome_correctedΩLimnothrix_sp_HT2024_chromosome_2429	UniRef100_D4ZTD4~K00067	62.0	292	110	1	1	292	1	291	3.01e-123	359
FinalAssembly_bactGenome_correctedΩLimnothrix_sp_HT2024_chromosome_1889	UniRef100_B7JX01~K00645	66.1	289	98	0	3	291	2	290	1.53e-120	352
FinalAssembly_bactGenome_correctedΩLimnothrix_sp_HT2024_chromosome_1647	UniRef100_A0A0S3TP28~K03179	63.4	287	103	1	3	289	8	292	6.11e-121	353
FinalAssembly_bactGenome_correctedΩLimnothrix_sp_HT2024_chromosome_1151	UniRef100_K9WBX9~K20074	58.8	245	98	2	1	245	1	242	1.66e-94	285
FinalAssembly_bactGenome_correctedΩLimnothrix_sp_HT2024_chromosome_784	UniRef100_K9SU82~K01785	51.1	268	126	3	19	285	17	280	3.15e-91	278
FinalAssembly_bactGenome_correctedΩLimnothrix_sp_HT2024_chromosome_176	UniRef100_K9S5E4~K01776	68.2	264	84	0	10	273	32	295	3.11e-127	370
FinalAssembly_bactGenome_correctedΩLimnothrix_sp_HT2024_chromosome_63	UniRef100_Q3M4S3~K01259	60.8	265	104	0	14	278	22	286	1.77e-110	327
FinalAssembly_bactGenome_correctedΩLimnothrix_sp_HT2024_chromosome_3348	UniRef100_A0A120MWT1~K03570	59.2	245	99	1	1	244	1	245	2.05e-97	293
FinalAssembly_bactGenome_correctedΩLimnothrix_sp_HT2024_chromosome_3026	UniRef100_A0A0X8WWU6~K06864	79.8	262	53	0	6	267	5	266	1.29e-149	425
FinalAssembly_bactGenome_correctedΩLimnothrix_sp_HT2024_chromosome_1637	UniRef100_E0TV34~K15327	50.2	281	139	1	7	286	5	285	3.45e-91	278
FinalAssembly_bactGenome_correctedΩLimnothrix_sp_HT2024_chromosome_3051	UniRef100_K9TW35~K07056	61.8	285	105	1	4	288	1	281	2.02e-111	329
FinalAssembly_bactGenome_correctedΩLimnothrix_sp_HT2024_chromosome_3016	UniRef100_K9S509~K11956	73.2	284	76	0	4	287	5	288	1.78e-146	418
FinalAssembly_bactGenome_correctedΩLimnothrix_sp_HT2024_chromosome_2718	UniRef100_Q08079~K10563	61.4	285	107	1	1	285	1	282	1.49e-122	357
FinalAssembly_bactGenome_correctedΩLimnothrix_sp_HT2024_chromosome_2398	UniRef100_A0A0S3TXA9~K01992	70.4	291	83	1	1	288	1	291	2.41e-128	372
FinalAssembly_bactGenome_correctedΩLimnothrix_sp_HT2024_chromosome_2250	UniRef100_K9QEE3~K02286	69.0	287	87	1	1	287	1	285	7.87e-133	383
FinalAssembly_bactGenome_correctedΩLimnothrix_sp_HT2024_chromosome_1772	UniRef100_K9S4E1~K01714	73.6	288	75	1	1	287	8	295	1.27e-145	416
FinalAssembly_bactGenome_correctedΩLimnothrix_sp_HT2024_chromosome_1724	UniRef100_A0A0X8WSJ4~K01491	73.4	286	75	1	3	288	2	286	3.87e-138	397
FinalAssembly_bactGenome_correctedΩLimnothrix_sp_HT2024_chromosome_1480	UniRef100_K9S9T6~K02047	69.7	274	83	0	14	287	10	283	2.62e-126	367
FinalAssembly_bactGenome_correctedΩLimnothrix_sp_HT2024_chromosome_3135	UniRef100_Q31L10~K02886	79.1	287	60	0	1	287	1	287	1.06e-158	449
FinalAssembly_bactGenome_correctedΩLimnothrix_sp_HT2024_chromosome_2132	UniRef100_K9W237~K04518	56.8	273	116	2	10	281	3	274	3.31e-104	310
FinalAssembly_bactGenome_correctedΩLimnothrix_sp_HT2024_chromosome_1924	UniRef100_K9XPW8~K17246	75.1	269	67	0	19	287	5	273	1.60e-145	415
FinalAssembly_bactGenome_correctedΩLimnothrix_sp_HT2024_chromosome_1009	UniRef100_A0A286RJU6~K12984	34.4	279	152	9	3	276	7	259	2.61e-30	121
FinalAssembly_bactGenome_correctedΩLimnothrix_sp_HT2024_chromosome_3262	UniRef100_D4ZRF0~K03149	81.7	268	49	0	17	284	7	274	6.07e-151	429
FinalAssembly_bactGenome_correctedΩLimnothrix_sp_HT2024_chromosome_3109	UniRef100_K9QM48~K02006	55.7	246	109	0	1	246	1	246	1.48e-93	283
FinalAssembly_bactGenome_correctedΩLimnothrix_sp_HT2024_chromosome_2855	UniRef100_K9TRV1~K12251	62.8	277	102	1	7	283	5	280	3.25e-129	374
FinalAssembly_bactGenome_correctedΩLimnothrix_sp_HT2024_chromosome_2706	UniRef100_A0A1Y0RKX3~K01092	69.1	269	80	2	10	276	4	271	5.22e-127	368
FinalAssembly_bactGenome_correctedΩLimnothrix_sp_HT2024_chromosome_1806	UniRef100_K9P9T8~K03789	32.3	294	174	6	11	286	7	293	1.19e-43	156
FinalAssembly_bactGenome_correctedΩLimnothrix_sp_HT2024_chromosome_1533	UniRef100_A0A0X8WV47~K04037	90.2	287	27	1	1	286	1	287	1.21e-189	527
FinalAssembly_bactGenome_correctedΩLimnothrix_sp_HT2024_chromosome_3081	UniRef100_K9Q6T1~K02428	65.5	267	92	0	8	274	8	274	3.66e-118	345
FinalAssembly_bactGenome_correctedΩLimnothrix_sp_HT2024_chromosome_2784	UniRef100_A0A0S3TRN3~K02050	74.4	266	68	0	19	284	16	281	1.07e-136	393
FinalAssembly_bactGenome_correctedΩLimnothrix_sp_HT2024_chromosome_2270	UniRef100_K9RYS2~K01011	54.9	264	119	0	10	273	8	271	8.86e-101	301
FinalAssembly_bactGenome_correctedΩLimnothrix_sp_HT2024_chromosome_923	UniRef100_K9WAY4~K13282	66.4	280	94	0	1	280	7	286	2.02e-135	390
FinalAssembly_bactGenome_correctedΩLimnothrix_sp_HT2024_chromosome_896	UniRef100_A0A068N0I4~K06442	66.9	272	88	2	14	285	1	270	8.70e-124	360
FinalAssembly_bactGenome_correctedΩLimnothrix_sp_HT2024_chromosome_3650	UniRef100_K9WLG9~K00390	78.6	238	51	0	46	283	12	249	1.32e-147	419
FinalAssembly_bactGenome_correctedΩLimnothrix_sp_HT2024_chromosome_1836	UniRef100_A0A1W5CNC2~K01259	56.0	302	107	5	1	282	1	296	9.57e-109	323
FinalAssembly_bactGenome_correctedΩLimnothrix_sp_HT2024_chromosome_1396	UniRef100_A0A1W5CH59~K00784	51.6	277	133	1	8	284	7	282	3.94e-106	316
FinalAssembly_bactGenome_correctedΩLimnothrix_sp_HT2024_chromosome_1072	UniRef100_K9SD34~K01433	77.4	283	64	0	1	283	1	283	6.51e-163	459
FinalAssembly_bactGenome_correctedΩLimnothrix_sp_HT2024_chromosome_3157	UniRef100_B0C428~K06173	67.2	271	72	4	9	269	9	272	1.87e-131	380
FinalAssembly_bactGenome_correctedΩLimnothrix_sp_HT2024_chromosome_2459	UniRef100_A0A098G7V8~K01992	30.6	232	145	5	46	273	19	238	1.63e-18	89.0
FinalAssembly_bactGenome_correctedΩLimnothrix_sp_HT2024_chromosome_1882	UniRef100_A0A0X8WW32~K00640	70.2	285	68	3	1	283	1	270	2.84e-123	358
FinalAssembly_bactGenome_correctedΩLimnothrix_sp_HT2024_chromosome_1380	UniRef100_D4ZX67~K11070	75.3	255	63	0	26	280	25	279	9.53e-129	372
FinalAssembly_bactGenome_correctedΩLimnothrix_sp_HT2024_chromosome_1138	UniRef100_A0MVY5~K08480	49.8	287	139	4	1	283	1	286	3.15e-77	242
FinalAssembly_bactGenome_correctedΩLimnothrix_sp_HT2024_chromosome_1085	UniRef100_A0A140K8K4~K00507	74.1	270	69	1	9	278	10	278	6.47e-160	451
FinalAssembly_bactGenome_correctedΩLimnothrix_sp_HT2024_chromosome_871	UniRef100_A0A1Z3HLE9~K05896	41.3	283	142	6	1	273	1	269	9.75e-57	189
FinalAssembly_bactGenome_correctedΩLimnothrix_sp_HT2024_chromosome_3250	UniRef100_K9S4N1~K02654	58.4	267	98	2	11	276	11	265	2.31e-96	290
FinalAssembly_bactGenome_correctedΩLimnothrix_sp_HT2024_chromosome_2926	UniRef100_B7KB08~K02303	74.3	249	64	0	8	256	5	253	1.11e-130	377
FinalAssembly_bactGenome_correctedΩLimnothrix_sp_HT2024_chromosome_3656	UniRef100_Q8YVD0~K01778	69.0	277	86	0	1	277	1	277	5.75e-141	403
FinalAssembly_bactGenome_correctedΩLimnothrix_sp_HT2024_chromosome_2989	UniRef100_K9SBY0~K01768	72.6	274	71	2	1	270	51	324	7.70e-136	392
FinalAssembly_bactGenome_correctedΩLimnothrix_sp_HT2024_chromosome_2857	UniRef100_A0A0S3TQJ7~K22205	53.2	263	117	1	15	277	8	264	5.19e-94	284
FinalAssembly_bactGenome_correctedΩLimnothrix_sp_HT2024_chromosome_1481	UniRef100_K9U2G6~K02046	69.2	266	82	0	16	281	22	287	8.23e-129	373
FinalAssembly_bactGenome_correctedΩLimnothrix_sp_HT2024_chromosome_3485	UniRef100_K9YM12~K04773	70.7	280	74	1	1	280	2	273	1.16e-136	392
FinalAssembly_bactGenome_correctedΩLimnothrix_sp_HT2024_chromosome_2134	UniRef100_Q2JIC9~K05936	66.1	251	85	0	26	276	9	259	7.18e-115	337
FinalAssembly_bactGenome_correctedΩLimnothrix_sp_HT2024_chromosome_1494	UniRef100_Q31KE3~K01265	75.0	280	67	1	1	280	1	277	2.07e-154	437
FinalAssembly_bactGenome_correctedΩLimnothrix_sp_HT2024_chromosome_851	UniRef100_K9XJR0~K11953	71.4	273	76	1	5	277	12	282	2.76e-137	394
FinalAssembly_bactGenome_correctedΩLimnothrix_sp_HT2024_chromosome_3436	UniRef100_E0UIV3~K15554	68.4	244	77	0	29	272	21	264	5.15e-112	329
FinalAssembly_bactGenome_correctedΩLimnothrix_sp_HT2024_chromosome_3264	UniRef100_B8HRM8~K15226	61.4	280	106	1	1	278	1	280	3.20e-119	348
FinalAssembly_bactGenome_correctedΩLimnothrix_sp_HT2024_chromosome_2842	UniRef100_K9T225~K11953	82.6	258	45	0	21	278	20	277	1.29e-155	440
FinalAssembly_bactGenome_correctedΩLimnothrix_sp_HT2024_chromosome_2328	UniRef100_Q8DM10~K03561	41.3	230	130	2	15	240	44	272	5.43e-44	156
FinalAssembly_bactGenome_correctedΩLimnothrix_sp_HT2024_chromosome_1294	UniRef100_B8FDI9~K03574	43.6	227	116	5	52	278	14	228	2.49e-53	179
FinalAssembly_bactGenome_correctedΩLimnothrix_sp_HT2024_chromosome_853	UniRef100_B0JUB3~K15577	66.0	259	86	1	21	279	19	275	3.19e-120	350
FinalAssembly_bactGenome_correctedΩLimnothrix_sp_HT2024_chromosome_816	UniRef100_K7VYA9~K13292	69.9	282	81	1	1	278	7	288	2.22e-145	415
FinalAssembly_bactGenome_correctedΩLimnothrix_sp_HT2024_chromosome_638	UniRef100_K9VUC8~K01082	63.6	280	97	2	4	278	15	294	1.30e-122	357
FinalAssembly_bactGenome_correctedΩLimnothrix_sp_HT2024_chromosome_65	UniRef100_B7KB82~K02065	62.9	259	93	2	19	277	5	260	7.13e-116	339
FinalAssembly_bactGenome_correctedΩLimnothrix_sp_HT2024_chromosome_2844	UniRef100_A0A1Z4RMA2~K11951	71.2	278	80	0	1	278	1	278	3.43e-139	399
FinalAssembly_bactGenome_correctedΩLimnothrix_sp_HT2024_chromosome_1967	UniRef100_A5D4J6~K02020	47.8	247	124	2	10	256	20	261	5.26e-63	204
FinalAssembly_bactGenome_correctedΩLimnothrix_sp_HT2024_chromosome_1751	UniRef100_A0A1D7XE79~K18672	42.6	256	135	6	1	252	19	266	2.93e-48	167
FinalAssembly_bactGenome_correctedΩLimnothrix_sp_HT2024_chromosome_1435	UniRef100_K9PFV6~K07090	67.5	277	88	1	1	277	1	275	5.91e-121	352
FinalAssembly_bactGenome_correctedΩLimnothrix_sp_HT2024_chromosome_1425	UniRef100_Q54Q31~K17081	31.5	241	159	4	26	263	35	272	4.70e-30	120
FinalAssembly_bactGenome_correctedΩLimnothrix_sp_HT2024_chromosome_1083	UniRef100_K9W3A2~K01992	65.9	270	91	1	9	278	1	269	1.17e-118	346
FinalAssembly_bactGenome_correctedΩLimnothrix_sp_HT2024_chromosome_3099	UniRef100_B1XKP4~K03685	44.2	233	124	3	45	273	4	234	5.32e-50	171
FinalAssembly_bactGenome_correctedΩLimnothrix_sp_HT2024_chromosome_2985	UniRef100_K9VHZ3~K07053	66.5	275	91	1	1	274	1	275	2.00e-125	363
FinalAssembly_bactGenome_correctedΩLimnothrix_sp_HT2024_chromosome_2681	UniRef100_A0A0T7C0E5~K01661	88.4	277	32	0	1	277	1	277	3.75e-186	517
FinalAssembly_bactGenome_correctedΩLimnothrix_sp_HT2024_chromosome_1136	UniRef100_Q83WF7~K20082	31.2	234	149	5	1	230	1	226	4.34e-22	99.0
FinalAssembly_bactGenome_correctedΩLimnothrix_sp_HT2024_chromosome_380	UniRef100_K9Q5Q9~K01011	66.8	277	92	0	1	277	1	277	2.51e-145	414
FinalAssembly_bactGenome_correctedΩLimnothrix_sp_HT2024_chromosome_306	UniRef100_K9XMD4~K02050	73.8	275	68	1	3	277	6	276	2.82e-137	394
FinalAssembly_bactGenome_correctedΩLimnothrix_sp_HT2024_chromosome_94	UniRef100_K9WBR1~K00215	75.3	275	68	0	3	277	1	275	1.56e-150	427
FinalAssembly_bactGenome_correctedΩLimnothrix_sp_HT2024_chromosome_3519	UniRef100_B2J7C8~K10716	56.9	248	107	0	21	268	12	259	5.35e-96	288
FinalAssembly_bactGenome_correctedΩLimnothrix_sp_HT2024_chromosome_2257	UniRef100_A0A0X8WWK1~K02716	64.5	276	98	0	1	276	1	276	1.79e-121	353
FinalAssembly_bactGenome_correctedΩLimnothrix_sp_HT2024_chromosome_1565	UniRef100_B8HQS8~K07140	53.2	267	116	2	5	271	6	263	5.02e-94	283
FinalAssembly_bactGenome_correctedΩLimnothrix_sp_HT2024_chromosome_527	UniRef100_K9VH30~K01992	68.3	262	83	0	15	276	1	262	2.02e-131	378
FinalAssembly_bactGenome_correctedΩLimnothrix_sp_HT2024_chromosome_73	UniRef100_K9XAG1~K15577	73.6	265	69	1	12	275	9	273	1.19e-135	389
FinalAssembly_bactGenome_correctedΩLimnothrix_sp_HT2024_chromosome_7	UniRef100_K9VZH0~K03787	66.3	255	80	3	1	252	1	252	5.84e-113	332
FinalAssembly_bactGenome_correctedΩLimnothrix_sp_HT2024_chromosome_3653	UniRef100_K9PII9~K03799	64.7	278	91	3	2	272	3	280	3.21e-110	325
FinalAssembly_bactGenome_correctedΩLimnothrix_sp_HT2024_chromosome_1402	UniRef100_W8HCM9~K21106	33.9	242	148	5	1	236	1	236	1.52e-36	135
FinalAssembly_bactGenome_correctedΩLimnothrix_sp_HT2024_chromosome_2751	UniRef100_K9TY65~K00677	66.2	275	92	1	1	274	1	275	1.81e-99	298
FinalAssembly_bactGenome_correctedΩLimnothrix_sp_HT2024_chromosome_2633	UniRef100_A0A1U7NC03~K01992	60.9	253	99	0	22	274	5	257	7.67e-94	283
FinalAssembly_bactGenome_correctedΩLimnothrix_sp_HT2024_chromosome_1561	UniRef100_K9VLQ4~K00507	73.1	271	71	2	1	271	1	269	1.89e-156	442
FinalAssembly_bactGenome_correctedΩLimnothrix_sp_HT2024_chromosome_1182	UniRef100_K9TDG6~K06196	63.7	248	81	1	24	271	3	241	4.34e-100	298
FinalAssembly_bactGenome_correctedΩLimnothrix_sp_HT2024_chromosome_2488	UniRef100_K9T1W5~K09820	55.4	249	110	1	25	273	1	248	8.94e-93	280
FinalAssembly_bactGenome_correctedΩLimnothrix_sp_HT2024_chromosome_10	UniRef100_A0A0A8EM94~K01625	34.2	228	140	5	38	263	9	228	7.11e-20	92.0
FinalAssembly_bactGenome_correctedΩLimnothrix_sp_HT2024_chromosome_2869	UniRef100_A0A0K2LYG2~K06223	39.5	271	145	8	4	261	5	269	1.62e-42	152
FinalAssembly_bactGenome_correctedΩLimnothrix_sp_HT2024_chromosome_36	UniRef100_B7K5A8~K01092	55.8	258	113	1	8	265	4	260	2.82e-103	307
FinalAssembly_bactGenome_correctedΩLimnothrix_sp_HT2024_chromosome_2953	UniRef100_A0A0S3PL87~K11957	72.4	250	69	0	19	268	10	259	6.14e-126	364
FinalAssembly_bactGenome_correctedΩLimnothrix_sp_HT2024_chromosome_223	UniRef100_A0A0X8WWD5~K06898	66.8	265	83	4	8	270	5	266	1.50e-109	323
FinalAssembly_bactGenome_correctedΩLimnothrix_sp_HT2024_chromosome_3670	UniRef100_A5GT50~K01501	65.9	267	90	1	1	266	1	267	2.40e-121	353
FinalAssembly_bactGenome_correctedΩLimnothrix_sp_HT2024_chromosome_3579	UniRef100_K9RQ00~K03928	49.6	250	125	1	14	263	8	256	2.85e-75	235
FinalAssembly_bactGenome_correctedΩLimnothrix_sp_HT2024_chromosome_3007	UniRef100_K9T643~K01091	43.8	219	123	0	1	219	1	219	5.65e-53	178
FinalAssembly_bactGenome_correctedΩLimnothrix_sp_HT2024_chromosome_1788	UniRef100_K9SC75~K03424	61.4	259	96	2	4	259	6	263	5.98e-106	313
FinalAssembly_bactGenome_correctedΩLimnothrix_sp_HT2024_chromosome_1619	UniRef100_B2IT61~K09761	48.6	259	114	4	1	254	1	245	6.23e-67	214
FinalAssembly_bactGenome_correctedΩLimnothrix_sp_HT2024_chromosome_12	UniRef100_K9SDA9~K03609	75.7	263	64	0	1	263	1	263	1.10e-137	394
FinalAssembly_bactGenome_correctedΩLimnothrix_sp_HT2024_chromosome_3335	UniRef100_B0JYB4~K02050	67.4	236	77	0	28	263	15	250	5.19e-107	316
FinalAssembly_bactGenome_correctedΩLimnothrix_sp_HT2024_chromosome_3108	UniRef100_Q8YQ89~K02008	52.3	264	126	0	1	264	1	264	1.15e-73	231
FinalAssembly_bactGenome_correctedΩLimnothrix_sp_HT2024_chromosome_2978	UniRef100_K9Y915~K02619	54.3	243	105	2	5	247	4	240	1.37e-91	276
FinalAssembly_bactGenome_correctedΩLimnothrix_sp_HT2024_chromosome_2769	UniRef100_K9V8I8~K09690	60.0	255	102	0	14	268	7	261	4.34e-107	316
FinalAssembly_bactGenome_correctedΩLimnothrix_sp_HT2024_chromosome_1915	UniRef100_K9PMS7~K02288	61.2	263	101	1	7	268	14	276	2.12e-101	302
FinalAssembly_bactGenome_correctedΩLimnothrix_sp_HT2024_chromosome_1734	UniRef100_K9U6M1~K07009	69.9	259	78	0	9	267	3	261	3.82e-131	377
FinalAssembly_bactGenome_correctedΩLimnothrix_sp_HT2024_chromosome_359	UniRef100_A0A0S3U2M8~K11753	55.9	263	115	1	4	266	44	305	1.13e-90	276
FinalAssembly_bactGenome_correctedΩLimnothrix_sp_HT2024_chromosome_3086	UniRef100_A0A1Z3HMI7~K01470	54.8	263	114	2	1	261	1	260	1.12e-98	295
FinalAssembly_bactGenome_correctedΩLimnothrix_sp_HT2024_chromosome_2936	UniRef100_A0A0H3K758~K00799	58.8	267	107	1	1	267	1	264	4.00e-108	319
FinalAssembly_bactGenome_correctedΩLimnothrix_sp_HT2024_chromosome_2323	UniRef100_A0A1Z4RPG7~K02036	71.9	249	70	0	19	267	15	263	2.69e-127	367
FinalAssembly_bactGenome_correctedΩLimnothrix_sp_HT2024_chromosome_1987	UniRef100_K9QWM8~K02483	70.2	228	68	0	4	231	11	238	1.24e-111	328
FinalAssembly_bactGenome_correctedΩLimnothrix_sp_HT2024_chromosome_1657	UniRef100_V5SAM5~K07146	61.7	253	96	1	1	252	1	253	1.14e-106	315
FinalAssembly_bactGenome_correctedΩLimnothrix_sp_HT2024_chromosome_1061	UniRef100_A0A110AVG6~K07465	46.6	266	139	3	1	265	1	264	2.31e-80	248
FinalAssembly_bactGenome_correctedΩLimnothrix_sp_HT2024_chromosome_3192	UniRef100_K9S3V4~K02500	80.3	259	47	1	1	259	1	255	2.56e-144	410
FinalAssembly_bactGenome_correctedΩLimnothrix_sp_HT2024_chromosome_2553	UniRef100_K9QKQ3~K01695	72.4	261	72	0	4	264	3	263	5.02e-131	377
FinalAssembly_bactGenome_correctedΩLimnothrix_sp_HT2024_chromosome_878	UniRef100_K9SFR8~K00941	71.6	261	74	0	4	264	7	267	1.49e-118	345
FinalAssembly_bactGenome_correctedΩLimnothrix_sp_HT2024_chromosome_2194	UniRef100_A0A0H3K3A8~K01142	65.0	263	92	0	1	263	1	263	1.32e-120	350
FinalAssembly_bactGenome_correctedΩLimnothrix_sp_HT2024_chromosome_1687	UniRef100_A0A0X8WXU4~K06206	63.0	235	83	2	14	246	7	239	1.53e-104	310
FinalAssembly_bactGenome_correctedΩLimnothrix_sp_HT2024_chromosome_1344	UniRef100_A0A1Y0RPW6~K03118	72.0	243	68	0	23	265	31	273	1.65e-118	345
FinalAssembly_bactGenome_correctedΩLimnothrix_sp_HT2024_chromosome_2851	UniRef100_Q31KP3~K11777	60.4	255	99	2	8	262	6	258	2.15e-106	314
FinalAssembly_bactGenome_correctedΩLimnothrix_sp_HT2024_chromosome_2785	UniRef100_A0A1Z3HLU5~K02049	70.9	251	73	0	1	251	1	251	2.78e-126	365
FinalAssembly_bactGenome_correctedΩLimnothrix_sp_HT2024_chromosome_703	UniRef100_K9U508~K03685	62.9	229	85	0	9	237	3	231	5.94e-103	305
FinalAssembly_bactGenome_correctedΩLimnothrix_sp_HT2024_chromosome_425	UniRef100_K9T840~K02036	78.5	260	56	0	5	264	10	269	1.07e-150	427
FinalAssembly_bactGenome_correctedΩLimnothrix_sp_HT2024_chromosome_416	UniRef100_B7K1T9~K07124	56.4	257	110	1	3	257	5	261	8.70e-89	270
FinalAssembly_bactGenome_correctedΩLimnothrix_sp_HT2024_chromosome_305	UniRef100_K9QM95~K02049	61.2	245	95	0	14	258	4	248	6.92e-105	310
FinalAssembly_bactGenome_correctedΩLimnothrix_sp_HT2024_chromosome_2565	UniRef100_K9WIU2~K07313	63.1	244	86	1	19	262	4	243	1.65e-114	334
FinalAssembly_bactGenome_correctedΩLimnothrix_sp_HT2024_chromosome_3265	UniRef100_K9VRE5~K03183	63.2	234	83	2	30	261	1	233	3.17e-102	303
FinalAssembly_bactGenome_correctedΩLimnothrix_sp_HT2024_chromosome_3052	UniRef100_K9UJE6~K10026	59.5	257	100	2	7	262	5	258	1.96e-103	306
FinalAssembly_bactGenome_correctedΩLimnothrix_sp_HT2024_chromosome_2726	UniRef100_K9XLS4~K05810	58.1	267	95	2	1	261	50	305	9.32e-96	289
FinalAssembly_bactGenome_correctedΩLimnothrix_sp_HT2024_chromosome_2722	UniRef100_A0A1U7MW07~K03090	66.8	250	83	0	13	262	9	258	8.61e-112	328
FinalAssembly_bactGenome_correctedΩLimnothrix_sp_HT2024_chromosome_2725	UniRef100_K9XVX6~K01992	67.0	261	82	2	3	261	1	259	3.52e-118	344
FinalAssembly_bactGenome_correctedΩLimnothrix_sp_HT2024_chromosome_2982	UniRef100_K9ZH75~K02071	32.1	221	144	2	20	237	31	248	2.08e-21	96.3
FinalAssembly_bactGenome_correctedΩLimnothrix_sp_HT2024_chromosome_1988	UniRef100_B8HMJ9~K01069	64.0	258	89	1	1	258	1	254	1.24e-117	342
FinalAssembly_bactGenome_correctedΩLimnothrix_sp_HT2024_chromosome_1393	UniRef100_A2C730~K00975	52.3	256	106	4	1	249	1	247	1.72e-74	233
FinalAssembly_bactGenome_correctedΩLimnothrix_sp_HT2024_chromosome_1169	UniRef100_K9TXU6~K01814	70.5	258	73	1	1	258	1	255	9.57e-127	365
FinalAssembly_bactGenome_correctedΩLimnothrix_sp_HT2024_chromosome_160	UniRef100_B0C400~K09013	79.8	252	51	0	1	252	1	252	1.76e-144	410
FinalAssembly_bactGenome_correctedΩLimnothrix_sp_HT2024_chromosome_3574	UniRef100_K9WN16~K02066	58.7	254	105	0	1	254	1	254	5.56e-94	283
FinalAssembly_bactGenome_correctedΩLimnothrix_sp_HT2024_chromosome_2943	UniRef100_A0A1Y0RI66~K02003	75.7	222	54	0	35	256	6	227	4.50e-114	332
FinalAssembly_bactGenome_correctedΩLimnothrix_sp_HT2024_chromosome_2676	UniRef100_A0A0X8WS46~K03969	69.5	256	76	1	1	256	1	254	4.41e-101	300
FinalAssembly_bactGenome_correctedΩLimnothrix_sp_HT2024_chromosome_2205	UniRef100_B0CEE0~K16786	69.3	218	67	0	40	257	1	218	5.33e-107	314
FinalAssembly_bactGenome_correctedΩLimnothrix_sp_HT2024_chromosome_2027	UniRef100_A0A0S3TZG8~K03768	59.0	249	90	2	20	257	8	255	8.00e-96	288
FinalAssembly_bactGenome_correctedΩLimnothrix_sp_HT2024_chromosome_2015	UniRef100_K9VUZ5~K01591	61.7	243	93	0	15	257	10	252	6.38e-98	292
FinalAssembly_bactGenome_correctedΩLimnothrix_sp_HT2024_chromosome_1592	UniRef100_D4ZNX8~K11962	75.7	243	59	0	15	257	3	245	4.04e-125	361
FinalAssembly_bactGenome_correctedΩLimnothrix_sp_HT2024_chromosome_863	UniRef100_K9S645~K00208	79.8	258	52	0	2	259	1	258	1.32e-147	418
FinalAssembly_bactGenome_correctedΩLimnothrix_sp_HT2024_chromosome_2406	UniRef100_K9WGA2~K10773	79.3	217	45	0	5	221	4	220	4.78e-122	353
FinalAssembly_bactGenome_correctedΩLimnothrix_sp_HT2024_chromosome_1471	UniRef100_K9Q9G8~K02664	34.4	227	138	3	15	235	24	245	1.67e-30	120
FinalAssembly_bactGenome_correctedΩLimnothrix_sp_HT2024_chromosome_1240	UniRef100_B7K7W4~K08700	65.8	240	72	5	10	246	30	262	7.31e-91	275
FinalAssembly_bactGenome_correctedΩLimnothrix_sp_HT2024_chromosome_568	UniRef100_K9ZM17~K03437	58.9	258	102	3	1	255	1	257	1.86e-98	294
FinalAssembly_bactGenome_correctedΩLimnothrix_sp_HT2024_chromosome_516	UniRef100_K9W402~K06178	58.2	256	100	3	1	256	1	249	7.93e-93	280
FinalAssembly_bactGenome_correctedΩLimnothrix_sp_HT2024_chromosome_75	UniRef100_W5YME6~K07662	30.0	243	131	8	3	229	4	223	1.11e-19	90.9
FinalAssembly_bactGenome_correctedΩLimnothrix_sp_HT2024_chromosome_3186	UniRef100_D4ZPE1~K11329	67.5	243	79	0	15	257	11	253	3.44e-111	326
FinalAssembly_bactGenome_correctedΩLimnothrix_sp_HT2024_chromosome_3066	UniRef100_A0A172UAL1~K00978	78.1	256	56	0	1	256	1	256	3.73e-156	440
FinalAssembly_bactGenome_correctedΩLimnothrix_sp_HT2024_chromosome_1070	UniRef100_A7NQQ9~K03793	36.3	234	147	1	8	239	8	241	4.20e-39	142
FinalAssembly_bactGenome_correctedΩLimnothrix_sp_HT2024_chromosome_689	UniRef100_K9RRA8~K02003	65.5	229	79	0	28	256	10	238	2.38e-99	296
FinalAssembly_bactGenome_correctedΩLimnothrix_sp_HT2024_chromosome_1922	UniRef100_K9VCS7~K11521	70.6	231	60	1	20	250	3	225	8.85e-108	316
FinalAssembly_bactGenome_correctedΩLimnothrix_sp_HT2024_chromosome_218	UniRef100_K9QZY7~K09903	85.1	241	36	0	15	255	1	241	8.19e-142	403
FinalAssembly_bactGenome_correctedΩLimnothrix_sp_HT2024_chromosome_3314	UniRef100_K9WZX8~K02967	78.4	255	53	1	1	255	1	253	2.85e-140	400
FinalAssembly_bactGenome_correctedΩLimnothrix_sp_HT2024_chromosome_591	UniRef100_K9T8U4~K21480	58.2	232	97	0	18	249	5	236	6.71e-93	279
FinalAssembly_bactGenome_correctedΩLimnothrix_sp_HT2024_chromosome_387	UniRef100_A0A1Y0RPS1~K02003	70.4	250	73	1	2	251	4	252	1.95e-126	364
FinalAssembly_bactGenome_correctedΩLimnothrix_sp_HT2024_chromosome_3115	UniRef100_K9TSG5~K05895	76.0	246	59	0	5	250	10	255	3.02e-124	359
FinalAssembly_bactGenome_correctedΩLimnothrix_sp_HT2024_chromosome_2451	UniRef100_A0A1Y0ISL0~K22278	33.3	213	132	3	22	232	44	248	6.10e-36	134
FinalAssembly_bactGenome_correctedΩLimnothrix_sp_HT2024_chromosome_1004	UniRef100_K9VJ63~K02290	66.3	252	85	0	1	252	1	252	1.29e-121	352
FinalAssembly_bactGenome_correctedΩLimnothrix_sp_HT2024_chromosome_204	UniRef100_Q8YRC0~K01838	53.4	236	110	0	1	236	1	236	3.89e-80	246
FinalAssembly_bactGenome_correctedΩLimnothrix_sp_HT2024_chromosome_3448	UniRef100_K9V9G8~K02006	66.5	233	78	0	20	252	12	244	1.53e-106	313
FinalAssembly_bactGenome_correctedΩLimnothrix_sp_HT2024_chromosome_3310	UniRef100_A0A0X8WUA1~K05371	63.5	241	84	2	12	251	11	248	5.56e-106	312
FinalAssembly_bactGenome_correctedΩLimnothrix_sp_HT2024_chromosome_2921	UniRef100_A0A1D8U456~K03800	57.0	237	92	5	8	237	1	234	4.14e-82	251
FinalAssembly_bactGenome_correctedΩLimnothrix_sp_HT2024_chromosome_2536	UniRef100_K9WBU6~K02069	38.1	252	153	1	1	249	8	259	1.50e-43	154
FinalAssembly_bactGenome_correctedΩLimnothrix_sp_HT2024_chromosome_1752	UniRef100_K9YTV7~K00806	72.4	250	69	0	1	250	1	250	8.00e-134	383
FinalAssembly_bactGenome_correctedΩLimnothrix_sp_HT2024_chromosome_1444	UniRef100_K9S378~K09820	70.2	248	74	0	5	252	7	254	1.61e-120	349
FinalAssembly_bactGenome_correctedΩLimnothrix_sp_HT2024_chromosome_1376	UniRef100_K9Q5G7~K07480	82.2	242	41	2	13	252	1	242	3.72e-153	431
FinalAssembly_bactGenome_correctedΩLimnothrix_sp_HT2024_chromosome_2391	UniRef100_K9THK0~K06920	78.3	226	49	0	26	251	2	227	9.29e-132	377
FinalAssembly_bactGenome_correctedΩLimnothrix_sp_HT2024_chromosome_2245	UniRef100_K9WJB8~K05979	64.3	252	81	2	1	251	1	244	8.14e-111	324
FinalAssembly_bactGenome_correctedΩLimnothrix_sp_HT2024_chromosome_131	UniRef100_A0A0X8WRX8~K05946	60.8	250	93	3	1	246	5	253	5.48e-107	315
FinalAssembly_bactGenome_correctedΩLimnothrix_sp_HT2024_chromosome_3106	UniRef100_K9YFT1~K02007	73.3	247	66	0	4	250	5	251	1.06e-126	365
FinalAssembly_bactGenome_correctedΩLimnothrix_sp_HT2024_chromosome_3061	UniRef100_E0UD98~K04564	64.5	217	76	1	33	249	29	244	1.80e-102	303
FinalAssembly_bactGenome_correctedΩLimnothrix_sp_HT2024_chromosome_2594	UniRef100_A0A1Y0RUL3~K07657	71.0	252	69	2	1	250	1	250	1.52e-121	352
FinalAssembly_bactGenome_correctedΩLimnothrix_sp_HT2024_chromosome_1961	UniRef100_B8HXT9~K00943	52.9	227	92	3	32	243	3	229	2.30e-66	211
FinalAssembly_bactGenome_correctedΩLimnothrix_sp_HT2024_chromosome_1677	UniRef100_K9W0X0~K03470	57.4	209	83	2	37	240	13	220	3.22e-63	203
FinalAssembly_bactGenome_correctedΩLimnothrix_sp_HT2024_chromosome_3374	UniRef100_I0BQM1~K01126	41.8	237	136	2	3	237	32	268	9.08e-49	167
FinalAssembly_bactGenome_correctedΩLimnothrix_sp_HT2024_chromosome_2275	UniRef100_K9U1G3~K06911	66.4	232	77	1	18	249	2	232	4.97e-111	324
FinalAssembly_bactGenome_correctedΩLimnothrix_sp_HT2024_chromosome_1276	UniRef100_K9UM24~K00059	80.7	244	47	0	6	249	5	248	1.66e-129	372
FinalAssembly_bactGenome_correctedΩLimnothrix_sp_HT2024_chromosome_1198	UniRef100_A0A0X8WSH8~K02108	81.5	238	44	0	12	249	14	251	4.35e-140	399
FinalAssembly_bactGenome_correctedΩLimnothrix_sp_HT2024_chromosome_3435	UniRef100_E0UIV4~K15555	61.0	246	95	1	1	245	1	246	4.83e-104	307
FinalAssembly_bactGenome_correctedΩLimnothrix_sp_HT2024_chromosome_2522	UniRef100_E0U557~K10697	89.1	248	25	1	1	248	1	246	6.46e-163	456
FinalAssembly_bactGenome_correctedΩLimnothrix_sp_HT2024_chromosome_399	UniRef100_K9YTK2~K01061	58.3	228	95	0	21	248	16	243	2.14e-96	288
FinalAssembly_bactGenome_correctedΩLimnothrix_sp_HT2024_chromosome_376	UniRef100_Q131Z1~K05810	30.2	225	143	7	12	231	26	241	9.93e-15	77.8
FinalAssembly_bactGenome_correctedΩLimnothrix_sp_HT2024_chromosome_3298	UniRef100_K9XDC5~K03474	83.1	237	40	0	1	237	1	237	7.70e-135	385
FinalAssembly_bactGenome_correctedΩLimnothrix_sp_HT2024_chromosome_2999	UniRef100_K9XKM6~K03686	49.4	243	108	2	3	245	2	229	2.43e-69	218
FinalAssembly_bactGenome_correctedΩLimnothrix_sp_HT2024_chromosome_2524	UniRef100_A0A0U2XPQ5~K07024	32.2	239	152	8	11	245	1	233	2.27e-23	100
FinalAssembly_bactGenome_correctedΩLimnothrix_sp_HT2024_chromosome_1434	UniRef100_B7JWI0~K19302	35.1	239	130	5	5	235	1	222	3.61e-30	118
FinalAssembly_bactGenome_correctedΩLimnothrix_sp_HT2024_chromosome_988	UniRef100_D8SNP8~K15744	53.1	241	110	1	10	247	51	291	2.32e-86	264
FinalAssembly_bactGenome_correctedΩLimnothrix_sp_HT2024_chromosome_2236	UniRef100_K9XM40~K02003	77.6	219	49	0	23	241	10	228	1.53e-116	338
FinalAssembly_bactGenome_correctedΩLimnothrix_sp_HT2024_chromosome_1971	UniRef100_K9SC25~K21929	73.5	230	59	1	9	236	5	234	1.13e-121	351
FinalAssembly_bactGenome_correctedΩLimnothrix_sp_HT2024_chromosome_29	UniRef100_B8HJW7~K00082	47.7	239	108	1	4	242	6	227	9.53e-71	222
FinalAssembly_bactGenome_correctedΩLimnothrix_sp_HT2024_chromosome_3498	UniRef100_A0A1Y0RM33~K01619	64.8	216	73	2	17	231	8	221	1.46e-86	262
FinalAssembly_bactGenome_correctedΩLimnothrix_sp_HT2024_chromosome_3259	UniRef100_K9Y6Y7~K01091	44.0	200	112	0	28	227	23	222	7.54e-55	182
FinalAssembly_bactGenome_correctedΩLimnothrix_sp_HT2024_chromosome_2529	UniRef100_K9QLB5~K09812	68.3	218	69	0	9	226	30	247	4.51e-98	292
FinalAssembly_bactGenome_correctedΩLimnothrix_sp_HT2024_chromosome_1369	UniRef100_A0A0X8WTZ3~K07150	59.3	231	94	0	8	238	9	239	9.24e-86	261
FinalAssembly_bactGenome_correctedΩLimnothrix_sp_HT2024_chromosome_1121	UniRef100_K9QS30~K02533	57.4	237	96	2	3	237	6	239	2.84e-86	262
FinalAssembly_bactGenome_correctedΩLimnothrix_sp_HT2024_chromosome_1069	UniRef100_K9WIA1~K03525	43.2	264	121	2	9	243	3	266	2.09e-65	209
FinalAssembly_bactGenome_correctedΩLimnothrix_sp_HT2024_chromosome_1054	UniRef100_B0CAZ4~K01091	60.4	222	87	1	2	223	3	223	5.26e-86	261
FinalAssembly_bactGenome_correctedΩLimnothrix_sp_HT2024_chromosome_731	UniRef100_G8QLS4~K15634	30.0	233	126	9	3	224	7	213	9.14e-13	71.6
FinalAssembly_bactGenome_correctedΩLimnothrix_sp_HT2024_chromosome_148	UniRef100_K9SNQ8~K07395	63.4	243	89	0	1	243	1	243	5.42e-118	343
FinalAssembly_bactGenome_correctedΩLimnothrix_sp_HT2024_chromosome_3662	UniRef100_A0A0E4HEG6~K00059	33.2	220	141	3	8	223	3	220	1.63e-24	103
FinalAssembly_bactGenome_correctedΩLimnothrix_sp_HT2024_chromosome_2265	UniRef100_A0A120MW40~K18234	67.3	205	67	0	39	243	4	208	6.15e-106	310
FinalAssembly_bactGenome_correctedΩLimnothrix_sp_HT2024_chromosome_1161	UniRef100_W0DI45~K07043	72.9	236	64	0	4	239	1	236	4.69e-125	360
FinalAssembly_bactGenome_correctedΩLimnothrix_sp_HT2024_chromosome_862	UniRef100_K9S8Y4~K21561	84.8	223	34	0	22	244	1	223	2.40e-131	375
FinalAssembly_bactGenome_correctedΩLimnothrix_sp_HT2024_chromosome_210	UniRef100_W0GTU3~K03687	44.2	199	95	2	45	242	34	217	1.81e-45	157
FinalAssembly_bactGenome_correctedΩLimnothrix_sp_HT2024_chromosome_3138	UniRef100_A0A1D8TKM8~K02982	83.5	242	39	1	1	242	1	241	4.31e-138	393
FinalAssembly_bactGenome_correctedΩLimnothrix_sp_HT2024_chromosome_1873	UniRef100_K9WM17~K07242	48.4	223	98	4	8	219	2	218	1.17e-45	157
FinalAssembly_bactGenome_correctedΩLimnothrix_sp_HT2024_chromosome_1626	UniRef100_K9SF82~K00556	52.5	221	101	1	16	236	12	228	6.60e-79	243
FinalAssembly_bactGenome_correctedΩLimnothrix_sp_HT2024_chromosome_1185	UniRef100_K9T7M0~K09807	52.7	222	99	3	28	243	29	250	7.41e-59	192
FinalAssembly_bactGenome_correctedΩLimnothrix_sp_HT2024_chromosome_976	UniRef100_K9VIE1~K03630	71.7	240	68	0	1	240	1	240	4.74e-117	340
FinalAssembly_bactGenome_correctedΩLimnothrix_sp_HT2024_chromosome_3400	UniRef100_K9W7C7~K03801	64.0	203	73	0	24	226	11	213	3.88e-91	273
FinalAssembly_bactGenome_correctedΩLimnothrix_sp_HT2024_chromosome_2782	UniRef100_K9SA46~K04652	79.8	233	47	0	1	233	1	233	2.20e-132	378
FinalAssembly_bactGenome_correctedΩLimnothrix_sp_HT2024_chromosome_1768	UniRef100_D4ZWV5~K11329	92.6	242	18	0	1	242	1	242	2.41e-158	444
FinalAssembly_bactGenome_correctedΩLimnothrix_sp_HT2024_chromosome_1516	UniRef100_A0A0S3U336~K00989	70.0	237	71	0	1	237	1	237	5.21e-114	332
FinalAssembly_bactGenome_correctedΩLimnothrix_sp_HT2024_chromosome_1368	UniRef100_Q8YPU0~K06872	56.7	217	88	3	27	240	23	236	1.65e-74	232
FinalAssembly_bactGenome_correctedΩLimnothrix_sp_HT2024_chromosome_1265	UniRef100_K9QWW0~K06861	75.5	241	59	0	1	241	1	241	3.36e-126	363
FinalAssembly_bactGenome_correctedΩLimnothrix_sp_HT2024_chromosome_1234	UniRef100_K9WIE0~K03561	65.7	216	74	0	1	216	1	216	1.30e-91	275
FinalAssembly_bactGenome_correctedΩLimnothrix_sp_HT2024_chromosome_2184	UniRef100_B7K605~K01673	57.3	267	88	2	1	241	1	267	3.42e-103	305
FinalAssembly_bactGenome_correctedΩLimnothrix_sp_HT2024_chromosome_1684	UniRef100_K9VCL0~K17893	75.5	212	51	1	1	211	1	212	7.92e-114	331
FinalAssembly_bactGenome_correctedΩLimnothrix_sp_HT2024_chromosome_171	UniRef100_Q8YN43~K02483	70.2	238	65	1	1	238	1	232	4.73e-120	347
FinalAssembly_bactGenome_correctedΩLimnothrix_sp_HT2024_chromosome_2755	UniRef100_K9S9K7~K01923	68.2	239	76	0	1	239	1	239	4.15e-122	352
FinalAssembly_bactGenome_correctedΩLimnothrix_sp_HT2024_chromosome_2269	UniRef100_E0U865~K11958	76.1	234	56	0	4	237	6	239	6.54e-122	352
FinalAssembly_bactGenome_correctedΩLimnothrix_sp_HT2024_chromosome_928	UniRef100_A9WJW0~K07658	50.4	224	110	1	8	230	6	229	1.23e-68	216
FinalAssembly_bactGenome_correctedΩLimnothrix_sp_HT2024_chromosome_112	UniRef100_K9S7N0~K03465	72.9	240	65	0	1	240	1	240	7.55e-131	374
FinalAssembly_bactGenome_correctedΩLimnothrix_sp_HT2024_chromosome_3566	UniRef100_A0A068N1Y0~K19090	46.5	226	117	2	12	237	15	236	2.81e-57	187
FinalAssembly_bactGenome_correctedΩLimnothrix_sp_HT2024_chromosome_3261	UniRef100_A0A1W5CKT3~K11332	65.2	221	76	1	19	239	9	228	1.01e-97	290
FinalAssembly_bactGenome_correctedΩLimnothrix_sp_HT2024_chromosome_2581	UniRef100_K9VCV6~K21480	78.7	239	50	1	1	239	1	238	2.36e-131	375
FinalAssembly_bactGenome_correctedΩLimnothrix_sp_HT2024_chromosome_2040	UniRef100_K9WBZ5~K02863	82.4	238	42	0	1	238	1	238	5.47e-137	390
FinalAssembly_bactGenome_correctedΩLimnothrix_sp_HT2024_chromosome_3660	UniRef100_A0A0K1RY88~K03499	83.1	237	40	0	1	237	1	237	1.01e-134	384
FinalAssembly_bactGenome_correctedΩLimnothrix_sp_HT2024_chromosome_2939	UniRef100_B7JZP6~K01495	78.2	238	52	0	1	238	1	238	8.71e-127	364
FinalAssembly_bactGenome_correctedΩLimnothrix_sp_HT2024_chromosome_2434	UniRef100_K9S3F8~K03186	82.8	198	34	0	31	228	14	211	1.80e-114	332
FinalAssembly_bactGenome_correctedΩLimnothrix_sp_HT2024_chromosome_1591	UniRef100_K9WG99~K11963	76.9	238	50	2	1	238	1	233	2.14e-121	350
FinalAssembly_bactGenome_correctedΩLimnothrix_sp_HT2024_chromosome_1507	UniRef100_Q3MEZ3~K05982	63.4	213	77	1	7	218	9	221	2.40e-94	281
FinalAssembly_bactGenome_correctedΩLimnothrix_sp_HT2024_chromosome_1222	UniRef100_K9YE62~K05588	71.5	239	67	1	1	238	1	239	2.61e-128	368
FinalAssembly_bactGenome_correctedΩLimnothrix_sp_HT2024_chromosome_185	UniRef100_A0A1W5CB28~K01838	46.8	218	116	0	13	230	5	222	9.69e-63	201
FinalAssembly_bactGenome_correctedΩLimnothrix_sp_HT2024_chromosome_3011	UniRef100_K9VN84~K03499	59.5	237	90	1	1	237	1	231	2.70e-100	296
FinalAssembly_bactGenome_correctedΩLimnothrix_sp_HT2024_chromosome_3449	UniRef100_K7W309~K02008	64.4	208	74	0	28	235	8	215	1.39e-80	246
FinalAssembly_bactGenome_correctedΩLimnothrix_sp_HT2024_chromosome_1126	UniRef100_B8HVL1~K03501	54.4	228	102	2	8	235	6	231	4.70e-84	255
FinalAssembly_bactGenome_correctedΩLimnothrix_sp_HT2024_chromosome_924	UniRef100_K9W906~K01807	74.8	234	58	1	3	236	4	236	5.98e-119	344
FinalAssembly_bactGenome_correctedΩLimnothrix_sp_HT2024_chromosome_846	UniRef100_B1WRX4~K02483	63.3	221	80	1	14	234	6	225	8.94e-95	282
FinalAssembly_bactGenome_correctedΩLimnothrix_sp_HT2024_chromosome_1986	UniRef100_A4WHL3~K07059	39.6	235	102	7	3	223	4	212	1.80e-41	147
FinalAssembly_bactGenome_correctedΩLimnothrix_sp_HT2024_chromosome_1160	UniRef100_A0A1Y0RSU3~K01935	61.7	222	83	2	9	230	4	223	4.16e-81	248
FinalAssembly_bactGenome_correctedΩLimnothrix_sp_HT2024_chromosome_512	UniRef100_A0A1Y0RQ32~K05582	82.8	227	36	1	8	234	16	239	1.84e-133	381
FinalAssembly_bactGenome_correctedΩLimnothrix_sp_HT2024_chromosome_141	UniRef100_K9TGP2~K10914	77.6	232	52	0	1	232	1	232	9.10e-125	358
FinalAssembly_bactGenome_correctedΩLimnothrix_sp_HT2024_chromosome_2350	UniRef100_E0UCI5~K03428	65.2	227	76	2	7	231	3	228	3.08e-100	296
FinalAssembly_bactGenome_correctedΩLimnothrix_sp_HT2024_chromosome_2246	UniRef100_A0A077JC38~K10914	49.1	226	115	0	8	233	1	226	1.48e-71	223
FinalAssembly_bactGenome_correctedΩLimnothrix_sp_HT2024_chromosome_1850	UniRef100_E8T659~K00996	51.9	206	95	3	31	234	5	208	1.06e-64	205
FinalAssembly_bactGenome_correctedΩLimnothrix_sp_HT2024_chromosome_966	UniRef100_B8HR80~K02290	56.4	234	91	3	1	223	1	234	5.80e-85	258
FinalAssembly_bactGenome_correctedΩLimnothrix_sp_HT2024_chromosome_907	UniRef100_K9S525~K08641	59.1	237	88	3	3	234	1	233	6.46e-94	280
FinalAssembly_bactGenome_correctedΩLimnothrix_sp_HT2024_chromosome_3111	UniRef100_K9TSG7~K03394	94.0	233	14	0	1	233	1	233	8.82e-154	432
FinalAssembly_bactGenome_correctedΩLimnothrix_sp_HT2024_chromosome_1903	UniRef100_K9TNY2~K01056	68.4	209	62	3	6	210	3	211	7.03e-95	282
FinalAssembly_bactGenome_correctedΩLimnothrix_sp_HT2024_chromosome_1367	UniRef100_A0A110AWN6~K14331	73.6	231	61	0	1	231	1	231	1.49e-117	340
FinalAssembly_bactGenome_correctedΩLimnothrix_sp_HT2024_chromosome_1052	UniRef100_A0A1D8U1Z3~K18678	57.2	229	97	1	6	233	6	234	7.23e-86	260
FinalAssembly_bactGenome_correctedΩLimnothrix_sp_HT2024_chromosome_905	UniRef100_K9VB46~K09772	55.8	226	68	4	1	225	1	195	8.20e-65	205
FinalAssembly_bactGenome_correctedΩLimnothrix_sp_HT2024_chromosome_3288	UniRef100_K9S7C6~K01817	56.1	214	89	2	1	212	1	211	2.05e-74	230
FinalAssembly_bactGenome_correctedΩLimnothrix_sp_HT2024_chromosome_1744	UniRef100_B8HNG8~K01788	67.6	222	70	1	8	229	9	228	3.93e-99	293
FinalAssembly_bactGenome_correctedΩLimnothrix_sp_HT2024_chromosome_1554	UniRef100_A0A0S3U7U8~K01783	90.5	232	21	1	1	232	1	231	2.42e-148	418
FinalAssembly_bactGenome_correctedΩLimnothrix_sp_HT2024_chromosome_1544	UniRef100_A0A1W5CDW2~K02483	55.4	222	99	0	1	222	1	222	1.00e-85	259
FinalAssembly_bactGenome_correctedΩLimnothrix_sp_HT2024_chromosome_903	UniRef100_K9TYX6~K06997	59.0	222	91	0	11	232	1	222	3.94e-89	268
FinalAssembly_bactGenome_correctedΩLimnothrix_sp_HT2024_chromosome_2592	UniRef100_K9TH57~K02039	59.3	221	90	0	10	230	7	227	1.56e-87	264
FinalAssembly_bactGenome_correctedΩLimnothrix_sp_HT2024_chromosome_1912	UniRef100_B7PRH6~K17725	51.1	227	107	4	2	226	7	231	3.42e-72	225
FinalAssembly_bactGenome_correctedΩLimnothrix_sp_HT2024_chromosome_3161	UniRef100_Q113B5~K03100	51.3	230	91	5	1	230	1	209	2.56e-71	222
FinalAssembly_bactGenome_correctedΩLimnothrix_sp_HT2024_chromosome_2605	UniRef100_A0A0S3TLX8~K01803	74.3	230	59	0	1	230	22	251	8.80e-123	354
FinalAssembly_bactGenome_correctedΩLimnothrix_sp_HT2024_chromosome_2311	UniRef100_K9QP82~K03188	56.4	225	94	1	6	230	9	229	8.86e-80	244
FinalAssembly_bactGenome_correctedΩLimnothrix_sp_HT2024_chromosome_1910	UniRef100_D5A175~K17623	50.9	220	108	0	7	226	22	241	3.41e-72	226
FinalAssembly_bactGenome_correctedΩLimnothrix_sp_HT2024_chromosome_1613	UniRef100_P73104~K02479	39.7	224	113	3	5	227	10	212	3.17e-48	163
FinalAssembly_bactGenome_correctedΩLimnothrix_sp_HT2024_chromosome_1513	UniRef100_A0A1D8TWS4~K03787	54.6	227	100	2	5	230	3	227	1.63e-84	256
FinalAssembly_bactGenome_correctedΩLimnothrix_sp_HT2024_chromosome_2829	UniRef100_B2J5S3~K02479	60.7	219	76	4	2	218	3	213	2.75e-77	238
FinalAssembly_bactGenome_correctedΩLimnothrix_sp_HT2024_chromosome_1659	UniRef100_A1BHP7~K01155	40.3	236	126	2	5	225	5	240	2.09e-50	170
FinalAssembly_bactGenome_correctedΩLimnothrix_sp_HT2024_chromosome_3380	UniRef100_K9VLU3~K00991	71.1	225	65	0	1	225	1	225	2.07e-113	329
FinalAssembly_bactGenome_correctedΩLimnothrix_sp_HT2024_chromosome_1966	UniRef100_H6LG42~K02018	50.7	209	103	0	12	220	29	237	1.01e-65	209
FinalAssembly_bactGenome_correctedΩLimnothrix_sp_HT2024_chromosome_1362	UniRef100_B2J306~K00588	66.8	220	73	0	1	220	1	220	4.34e-99	293
FinalAssembly_bactGenome_correctedΩLimnothrix_sp_HT2024_chromosome_3213	UniRef100_K9S883~K11175	64.6	209	71	1	12	220	15	220	1.18e-90	271
FinalAssembly_bactGenome_correctedΩLimnothrix_sp_HT2024_chromosome_2129	UniRef100_A0A0D6ARG6~K03561	43.3	201	110	2	6	203	6	205	4.44e-39	140
FinalAssembly_bactGenome_correctedΩLimnothrix_sp_HT2024_chromosome_1941	UniRef100_K9PZ88~K03561	69.3	205	63	0	1	205	1	205	4.86e-93	277
FinalAssembly_bactGenome_correctedΩLimnothrix_sp_HT2024_chromosome_888	UniRef100_A0A0K1S513~K08591	57.6	217	88	2	3	218	5	218	5.03e-75	231
FinalAssembly_bactGenome_correctedΩLimnothrix_sp_HT2024_chromosome_226	UniRef100_A0A1Z3HKP6~K03561	67.9	209	67	0	1	209	1	209	1.39e-95	284
FinalAssembly_bactGenome_correctedΩLimnothrix_sp_HT2024_chromosome_157	UniRef100_D5A4B1~K09012	61.4	215	80	1	1	212	2	216	1.77e-92	276
FinalAssembly_bactGenome_correctedΩLimnothrix_sp_HT2024_chromosome_3042	UniRef100_K9S589~K03561	58.2	213	82	4	8	220	5	210	1.03e-70	220
FinalAssembly_bactGenome_correctedΩLimnothrix_sp_HT2024_chromosome_2002	UniRef100_K9R9L0~K07336	60.5	223	88	0	1	223	1	223	1.95e-92	276
FinalAssembly_bactGenome_correctedΩLimnothrix_sp_HT2024_chromosome_864	UniRef100_K9VW19~K01693	87.4	198	25	0	26	223	17	214	1.81e-123	354
FinalAssembly_bactGenome_correctedΩLimnothrix_sp_HT2024_chromosome_3641	UniRef100_K9VB52~K03559	33.5	242	123	7	1	222	1	224	1.37e-24	102
FinalAssembly_bactGenome_correctedΩLimnothrix_sp_HT2024_chromosome_1311	UniRef100_K9S7Q0~K06181	69.7	201	57	2	3	201	4	202	1.04e-93	278
FinalAssembly_bactGenome_correctedΩLimnothrix_sp_HT2024_chromosome_2794	UniRef100_K9TEI8~K02289	47.8	205	103	1	17	217	7	211	1.91e-45	156
FinalAssembly_bactGenome_correctedΩLimnothrix_sp_HT2024_chromosome_1874	UniRef100_A0A0T7BR38~K05566	77.6	219	46	2	3	220	2	218	2.88e-116	336
FinalAssembly_bactGenome_correctedΩLimnothrix_sp_HT2024_chromosome_1812	UniRef100_K9S4F1~K00793	59.1	230	85	3	1	221	1	230	6.77e-87	262
FinalAssembly_bactGenome_correctedΩLimnothrix_sp_HT2024_chromosome_1147	UniRef100_B1WNC0~K03818	64.5	186	66	0	24	209	10	195	1.12e-97	288
FinalAssembly_bactGenome_correctedΩLimnothrix_sp_HT2024_chromosome_2677	UniRef100_K9TRD9~K03969	47.4	215	111	1	1	213	1	215	2.36e-51	172
FinalAssembly_bactGenome_correctedΩLimnothrix_sp_HT2024_chromosome_2346	UniRef100_A0A1Y0RW97~K02003	72.6	219	60	0	1	219	1	219	4.65e-107	313
FinalAssembly_bactGenome_correctedΩLimnothrix_sp_HT2024_chromosome_3315	UniRef100_A0A1Z3HPJ9~K02357	76.5	217	51	0	1	217	1	217	1.54e-115	334
FinalAssembly_bactGenome_correctedΩLimnothrix_sp_HT2024_chromosome_3304	UniRef100_A0A0S3U102~K07000	51.2	211	100	1	1	211	1	208	9.17e-75	230
FinalAssembly_bactGenome_correctedΩLimnothrix_sp_HT2024_chromosome_3005	UniRef100_A0A0S3UA47~K00655	66.5	212	70	1	9	219	13	224	7.48e-101	297
FinalAssembly_bactGenome_correctedΩLimnothrix_sp_HT2024_chromosome_1173	UniRef100_K9TJP2~K06287	61.8	207	78	1	8	214	7	212	1.05e-85	258
FinalAssembly_bactGenome_correctedΩLimnothrix_sp_HT2024_chromosome_2700	UniRef100_Q1LLK2~K07101	52.5	183	85	2	32	213	4	185	9.26e-63	199
FinalAssembly_bactGenome_correctedΩLimnothrix_sp_HT2024_chromosome_2234	UniRef100_A0A0S3TKB2~K02501	70.7	215	56	1	1	215	1	208	8.99e-104	304
FinalAssembly_bactGenome_correctedΩLimnothrix_sp_HT2024_chromosome_1652	UniRef100_A0A0S3PJL3~K07025	53.5	217	100	1	1	217	1	216	5.05e-84	254
FinalAssembly_bactGenome_correctedΩLimnothrix_sp_HT2024_chromosome_1341	UniRef100_A0A1Y0RI18~K03088	75.6	217	53	0	1	217	1	217	9.58e-114	329
FinalAssembly_bactGenome_correctedΩLimnothrix_sp_HT2024_chromosome_2803	UniRef100_K9U680~K00761	74.5	216	55	0	1	216	1	216	2.86e-112	325
FinalAssembly_bactGenome_correctedΩLimnothrix_sp_HT2024_chromosome_3404	UniRef100_Q2JPB9~K03752	44.0	216	95	6	2	201	9	214	1.82e-48	164
FinalAssembly_bactGenome_correctedΩLimnothrix_sp_HT2024_chromosome_2072	UniRef100_B1XM81~K07304	81.9	215	38	1	1	214	1	215	1.61e-130	372
FinalAssembly_bactGenome_correctedΩLimnothrix_sp_HT2024_chromosome_3642	UniRef100_K9QJZ8~K11755	81.1	212	40	0	3	214	4	215	1.04e-125	359
FinalAssembly_bactGenome_correctedΩLimnothrix_sp_HT2024_chromosome_1556	UniRef100_P73104~K02479	64.7	204	71	1	12	214	10	213	8.36e-92	273
FinalAssembly_bactGenome_correctedΩLimnothrix_sp_HT2024_chromosome_1238	UniRef100_K9TFI3~K02635	91.1	214	19	0	2	215	9	222	1.03e-147	415
FinalAssembly_bactGenome_correctedΩLimnothrix_sp_HT2024_chromosome_326	UniRef100_K9SVJ2~K19221	71.6	197	56	0	19	215	6	202	4.06e-99	291
FinalAssembly_bactGenome_correctedΩLimnothrix_sp_HT2024_chromosome_3132	UniRef100_K9TUA6~K02906	75.9	212	50	1	1	212	1	211	4.67e-114	330
FinalAssembly_bactGenome_correctedΩLimnothrix_sp_HT2024_chromosome_2195	UniRef100_K9VIE0~K01358	71.5	214	54	1	1	207	1	214	6.34e-102	299
FinalAssembly_bactGenome_correctedΩLimnothrix_sp_HT2024_chromosome_1491	UniRef100_K9TM71~K00765	73.2	213	57	0	1	213	1	213	8.77e-108	314
FinalAssembly_bactGenome_correctedΩLimnothrix_sp_HT2024_chromosome_680	UniRef100_A0A068N6Y0~K02226	71.5	214	61	0	1	214	1	214	4.11e-113	327
FinalAssembly_bactGenome_correctedΩLimnothrix_sp_HT2024_chromosome_2715	UniRef100_K9UI00~K03100	65.6	180	62	0	30	209	14	193	2.35e-82	249
FinalAssembly_bactGenome_correctedΩLimnothrix_sp_HT2024_chromosome_2376	UniRef100_A0A068MRL9~K03192	54.1	196	89	1	18	212	21	216	2.18e-63	201
FinalAssembly_bactGenome_correctedΩLimnothrix_sp_HT2024_chromosome_2264	UniRef100_K9W0F2~K01338	77.8	212	47	0	1	212	1	212	3.99e-115	332
FinalAssembly_bactGenome_correctedΩLimnothrix_sp_HT2024_chromosome_751	UniRef100_U6ECQ6~K15256	33.2	190	111	4	36	211	42	229	2.05e-25	104
FinalAssembly_bactGenome_correctedΩLimnothrix_sp_HT2024_chromosome_608	UniRef100_A1U0H8~K03386	61.5	213	80	1	1	213	1	211	7.89e-94	278
FinalAssembly_bactGenome_correctedΩLimnothrix_sp_HT2024_chromosome_365	UniRef100_K9RGE9~K00799	75.6	213	52	0	1	213	1	213	2.84e-108	315
FinalAssembly_bactGenome_correctedΩLimnothrix_sp_HT2024_chromosome_3301	UniRef100_K9SKY5~K03088	55.9	195	71	2	25	212	34	220	4.97e-65	206
FinalAssembly_bactGenome_correctedΩLimnothrix_sp_HT2024_chromosome_1893	UniRef100_A0A2G6AY96~K11618	44.8	212	108	2	1	209	1	206	4.65e-53	175
FinalAssembly_bactGenome_correctedΩLimnothrix_sp_HT2024_chromosome_1015	UniRef100_K9SCN1~K03625	59.0	212	82	1	1	212	1	207	8.83e-73	225
FinalAssembly_bactGenome_correctedΩLimnothrix_sp_HT2024_chromosome_3500	UniRef100_B0BYG8~K16787	72.7	205	56	0	1	205	1	205	2.29e-104	305
FinalAssembly_bactGenome_correctedΩLimnothrix_sp_HT2024_chromosome_3133	UniRef100_K9S5S6~K02926	75.7	210	51	0	1	210	1	210	8.27e-109	316
FinalAssembly_bactGenome_correctedΩLimnothrix_sp_HT2024_chromosome_2712	UniRef100_K9WG65~K01495	84.4	211	31	1	1	209	1	211	1.74e-122	351
FinalAssembly_bactGenome_correctedΩLimnothrix_sp_HT2024_chromosome_2038	UniRef100_K9WBU7~K02601	78.2	211	40	1	1	211	9	213	4.30e-114	330
FinalAssembly_bactGenome_correctedΩLimnothrix_sp_HT2024_chromosome_1624	UniRef100_K9U729~K07042	48.9	188	73	3	17	204	13	177	6.39e-48	160
FinalAssembly_bactGenome_correctedΩLimnothrix_sp_HT2024_chromosome_1590	UniRef100_A0A0X8WQK2~K03439	61.4	210	80	1	1	210	1	209	9.85e-90	268
FinalAssembly_bactGenome_correctedΩLimnothrix_sp_HT2024_chromosome_802	UniRef100_A0A1D8TYY6~K02276	75.4	211	52	0	1	211	1	211	6.32e-111	322
FinalAssembly_bactGenome_correctedΩLimnothrix_sp_HT2024_chromosome_607	UniRef100_A0A1D8U2Q5~K06999	56.2	201	83	2	4	202	3	200	3.43e-66	208
FinalAssembly_bactGenome_correctedΩLimnothrix_sp_HT2024_chromosome_3040	UniRef100_K9WBX8~K06042	71.9	203	56	1	2	204	1	202	1.41e-97	288
FinalAssembly_bactGenome_correctedΩLimnothrix_sp_HT2024_chromosome_277	UniRef100_A0A1W5CHD8~K03975	55.8	199	88	0	7	205	4	202	1.81e-74	229
FinalAssembly_bactGenome_correctedΩLimnothrix_sp_HT2024_chromosome_3112	UniRef100_K9TR88~K06042	83.3	209	35	0	1	209	1	209	2.54e-116	335
FinalAssembly_bactGenome_correctedΩLimnothrix_sp_HT2024_chromosome_1607	UniRef100_K9QUL4~K04759	62.8	180	59	3	1	176	1	176	4.60e-69	215
FinalAssembly_bactGenome_correctedΩLimnothrix_sp_HT2024_chromosome_1214	UniRef100_K9THQ5~K03183	66.5	209	70	0	1	209	1	209	3.89e-97	286
FinalAssembly_bactGenome_correctedΩLimnothrix_sp_HT2024_chromosome_699	UniRef100_K9S7G7~K03550	65.7	207	70	1	1	206	1	207	1.71e-88	265
FinalAssembly_bactGenome_correctedΩLimnothrix_sp_HT2024_chromosome_3214	UniRef100_K9PDW2~K06187	79.2	197	41	0	12	208	32	228	1.30e-113	329
FinalAssembly_bactGenome_correctedΩLimnothrix_sp_HT2024_chromosome_2749	UniRef100_A0A0X8WZD1~K03684	69.6	207	63	0	2	208	3	209	3.55e-102	299
FinalAssembly_bactGenome_correctedΩLimnothrix_sp_HT2024_chromosome_2054	UniRef100_K9TKX3~K06024	62.4	170	58	3	14	181	2	167	2.13e-58	187
FinalAssembly_bactGenome_correctedΩLimnothrix_sp_HT2024_chromosome_3119	UniRef100_A2C572~K01077	53.2	190	87	1	6	195	18	205	1.68e-66	209
FinalAssembly_bactGenome_correctedΩLimnothrix_sp_HT2024_chromosome_318	UniRef100_D7E353~K01952	72.2	198	55	0	3	200	19	216	1.63e-108	316
FinalAssembly_bactGenome_correctedΩLimnothrix_sp_HT2024_chromosome_248	UniRef100_A0A0B0QK19~K06169	69.4	196	60	0	12	207	4	199	5.99e-96	283
FinalAssembly_bactGenome_correctedΩLimnothrix_sp_HT2024_chromosome_2004	UniRef100_K9S7C2~K03189	82.0	200	32	1	3	202	2	197	6.12e-112	323
FinalAssembly_bactGenome_correctedΩLimnothrix_sp_HT2024_chromosome_389	UniRef100_K9S868~K01658	77.0	191	44	0	3	193	2	192	3.53e-111	322
FinalAssembly_bactGenome_correctedΩLimnothrix_sp_HT2024_chromosome_1005	UniRef100_Q2JI07~K05382	48.5	169	84	1	14	182	4	169	1.66e-54	177
FinalAssembly_bactGenome_correctedΩLimnothrix_sp_HT2024_chromosome_3426	UniRef100_B1X196~K02276	71.5	207	54	2	1	204	1	205	1.37e-104	305
FinalAssembly_bactGenome_correctedΩLimnothrix_sp_HT2024_chromosome_2030	UniRef100_K9WJ46~K05383	48.7	197	99	1	5	201	9	203	5.87e-56	182
FinalAssembly_bactGenome_correctedΩLimnothrix_sp_HT2024_chromosome_147	UniRef100_A0A172ZEN8~K15976	35.9	206	125	3	2	200	3	208	1.90e-35	129
FinalAssembly_bactGenome_correctedΩLimnothrix_sp_HT2024_chromosome_1832	UniRef100_K9VLA9~K01358	86.6	202	27	0	1	202	1	202	5.13e-124	354
FinalAssembly_bactGenome_correctedΩLimnothrix_sp_HT2024_chromosome_503	UniRef100_A0A0N7Z595~K02986	87.6	202	25	0	1	202	1	202	3.61e-124	354
FinalAssembly_bactGenome_correctedΩLimnothrix_sp_HT2024_chromosome_123	UniRef100_K9W8M6~K07566	57.3	199	80	4	1	199	1	194	7.34e-67	209
FinalAssembly_bactGenome_correctedΩLimnothrix_sp_HT2024_chromosome_2940	UniRef100_B0C0Q7~K09017	46.1	191	100	1	13	200	15	205	2.55e-46	157
FinalAssembly_bactGenome_correctedΩLimnothrix_sp_HT2024_chromosome_2646	UniRef100_Q2JKT7~K00891	60.2	176	67	1	17	192	10	182	4.38e-63	199
FinalAssembly_bactGenome_correctedΩLimnothrix_sp_HT2024_chromosome_1087	UniRef100_K9TTQ7~K02191	62.6	198	74	0	1	198	1	198	1.99e-88	264
FinalAssembly_bactGenome_correctedΩLimnothrix_sp_HT2024_chromosome_77	UniRef100_A0A0S3UBM1~K00684	75.1	189	47	0	11	199	2	190	1.35e-105	307
FinalAssembly_bactGenome_correctedΩLimnothrix_sp_HT2024_chromosome_3343	UniRef100_B7JUE1~K04564	86.0	200	28	0	1	200	1	200	3.38e-128	364
FinalAssembly_bactGenome_correctedΩLimnothrix_sp_HT2024_chromosome_2736	UniRef100_A0A0S3UE11~K12262	63.0	181	67	0	11	191	8	188	6.97e-82	247
FinalAssembly_bactGenome_correctedΩLimnothrix_sp_HT2024_chromosome_1852	UniRef100_A0A110AWN4~K03564	72.5	178	46	2	24	200	20	195	1.51e-91	271
FinalAssembly_bactGenome_correctedΩLimnothrix_sp_HT2024_chromosome_1277	UniRef100_Q31JZ7~K00762	68.0	200	64	0	1	200	2	201	1.95e-86	259
FinalAssembly_bactGenome_correctedΩLimnothrix_sp_HT2024_chromosome_2	UniRef100_A0A0X8WVY6~K01704	73.2	194	52	0	6	199	2	195	1.77e-102	299
FinalAssembly_bactGenome_correctedΩLimnothrix_sp_HT2024_chromosome_3457	UniRef100_A0A1Z4RRD3~K05578	65.8	196	66	1	1	195	1	196	2.92e-72	223
FinalAssembly_bactGenome_correctedΩLimnothrix_sp_HT2024_chromosome_3456	UniRef100_B7K0U6~K05580	84.2	190	30	0	1	190	1	190	9.08e-106	307
FinalAssembly_bactGenome_correctedΩLimnothrix_sp_HT2024_chromosome_3403	UniRef100_K9RWM0~K03503	44.6	193	97	3	4	196	3	185	5.72e-48	160
FinalAssembly_bactGenome_correctedΩLimnothrix_sp_HT2024_chromosome_3401	UniRef100_K9ZLK3~K05808	74.9	187	47	0	1	187	1	187	1.47e-92	275
FinalAssembly_bactGenome_correctedΩLimnothrix_sp_HT2024_chromosome_3163	UniRef100_B0CCC7~K01802	58.7	196	61	3	1	196	1	176	7.01e-64	201
FinalAssembly_bactGenome_correctedΩLimnothrix_sp_HT2024_chromosome_2196	UniRef100_A0A1D9G1A7~K01358	79.7	197	39	1	1	197	1	196	4.84e-111	321
FinalAssembly_bactGenome_correctedΩLimnothrix_sp_HT2024_chromosome_1221	UniRef100_K9WF30~K18007	67.1	167	55	0	23	189	3	169	2.61e-79	240
FinalAssembly_bactGenome_correctedΩLimnothrix_sp_HT2024_chromosome_2416	UniRef100_K9RX55~K03386	85.3	197	29	0	1	197	1	197	6.30e-125	356
FinalAssembly_bactGenome_correctedΩLimnothrix_sp_HT2024_chromosome_2169	UniRef100_K9RUB4~K03809	67.4	193	62	1	1	193	1	192	3.99e-91	270
FinalAssembly_bactGenome_correctedΩLimnothrix_sp_HT2024_chromosome_46	UniRef100_K0J5P4~K00661	66.1	180	61	0	9	188	3	182	1.12e-69	216
FinalAssembly_bactGenome_correctedΩLimnothrix_sp_HT2024_chromosome_1756	UniRef100_A0A1D8U2P1~K11991	60.8	158	62	0	27	184	7	164	3.52e-66	206
FinalAssembly_bactGenome_correctedΩLimnothrix_sp_HT2024_chromosome_2958	UniRef100_K9XHR5~K03789	54.8	177	77	2	1	174	1	177	3.85e-59	189
FinalAssembly_bactGenome_correctedΩLimnothrix_sp_HT2024_chromosome_1666	UniRef100_B8HTM8~K00859	64.6	192	67	1	2	193	9	199	2.08e-75	231
FinalAssembly_bactGenome_correctedΩLimnothrix_sp_HT2024_chromosome_3382	UniRef100_K9TF24~K03273	78.1	187	41	0	3	189	2	188	4.80e-110	318
FinalAssembly_bactGenome_correctedΩLimnothrix_sp_HT2024_chromosome_1699	UniRef100_P44014~K07491	38.5	182	104	3	3	184	5	178	1.02e-37	134
FinalAssembly_bactGenome_correctedΩLimnothrix_sp_HT2024_chromosome_2835	UniRef100_K9QNX4~K01548	62.5	192	71	1	1	191	1	192	3.44e-79	240
FinalAssembly_bactGenome_correctedΩLimnothrix_sp_HT2024_chromosome_2263	UniRef100_K9S9F2~K07052	48.9	186	95	0	5	190	7	192	3.93e-54	176
FinalAssembly_bactGenome_correctedΩLimnothrix_sp_HT2024_chromosome_984	UniRef100_K9S621~K00942	67.8	183	59	0	1	183	1	183	6.53e-86	257
FinalAssembly_bactGenome_correctedΩLimnothrix_sp_HT2024_chromosome_755	UniRef100_A0A1J0H2L5~K08316	34.9	175	111	2	6	178	8	181	3.74e-23	97.1
FinalAssembly_bactGenome_correctedΩLimnothrix_sp_HT2024_chromosome_113	UniRef100_A0A140KAL5~K01494	79.8	193	39	0	1	193	1	193	6.55e-118	338
FinalAssembly_bactGenome_correctedΩLimnothrix_sp_HT2024_chromosome_3151	UniRef100_A0A1D8TKP9~K00939	60.1	188	73	1	1	188	1	186	2.96e-73	224
FinalAssembly_bactGenome_correctedΩLimnothrix_sp_HT2024_chromosome_1739	UniRef100_Q3M7N0~K03637	78.2	156	34	0	34	189	11	166	3.53e-77	234
FinalAssembly_bactGenome_correctedΩLimnothrix_sp_HT2024_chromosome_1295	UniRef100_K9S9Q7~K00969	58.5	193	79	1	1	192	1	193	2.18e-73	225
FinalAssembly_bactGenome_correctedΩLimnothrix_sp_HT2024_chromosome_2033	UniRef100_Q5JF72~K07450	38.5	182	104	2	6	179	10	191	2.34e-36	131
FinalAssembly_bactGenome_correctedΩLimnothrix_sp_HT2024_chromosome_3000	UniRef100_K9SB02~K06962	50.5	186	84	3	3	185	2	182	2.08e-56	182
FinalAssembly_bactGenome_correctedΩLimnothrix_sp_HT2024_chromosome_2244	UniRef100_Q8YSQ4~K06883	33.9	180	102	3	4	183	2	164	2.39e-25	102
FinalAssembly_bactGenome_correctedΩLimnothrix_sp_HT2024_chromosome_334	UniRef100_B8HV30~K02231	59.6	183	74	0	5	187	3	185	3.16e-71	219
FinalAssembly_bactGenome_correctedΩLimnothrix_sp_HT2024_chromosome_3083	UniRef100_B1XPY0~K02428	69.8	189	57	0	1	189	1	189	6.80e-91	269
FinalAssembly_bactGenome_correctedΩLimnothrix_sp_HT2024_chromosome_1501	UniRef100_Q2JXF8~K04757	41.9	160	71	2	1	160	2	139	1.70e-35	127
FinalAssembly_bactGenome_correctedΩLimnothrix_sp_HT2024_chromosome_3607	UniRef100_K9S317~K08296	55.6	180	61	2	9	188	3	163	1.04e-57	184
FinalAssembly_bactGenome_correctedΩLimnothrix_sp_HT2024_chromosome_2841	UniRef100_C7RHV1~K02356	30.7	176	118	1	4	175	1	176	4.98e-22	94.0
FinalAssembly_bactGenome_correctedΩLimnothrix_sp_HT2024_chromosome_2517	UniRef100_K9QZB1~K07015	63.1	176	65	0	1	176	1	176	7.91e-73	223
FinalAssembly_bactGenome_correctedΩLimnothrix_sp_HT2024_chromosome_1172	UniRef100_A0A1D8U2R9~K02717	66.1	177	60	0	12	188	3	179	4.60e-79	239
FinalAssembly_bactGenome_correctedΩLimnothrix_sp_HT2024_chromosome_1757	UniRef100_K9ULF2~K01159	64.4	174	42	1	6	179	5	158	8.13e-69	212
FinalAssembly_bactGenome_correctedΩLimnothrix_sp_HT2024_chromosome_1056	UniRef100_K9W998~K01462	73.8	187	47	2	1	186	1	186	2.59e-89	265
FinalAssembly_bactGenome_correctedΩLimnothrix_sp_HT2024_chromosome_2687	UniRef100_K9SKA2~K02356	79.6	186	38	0	1	186	1	186	5.17e-107	310
FinalAssembly_bactGenome_correctedΩLimnothrix_sp_HT2024_chromosome_825	UniRef100_P73243~K02485	62.7	185	63	1	1	185	1	179	1.94e-68	212
FinalAssembly_bactGenome_correctedΩLimnothrix_sp_HT2024_chromosome_2430	UniRef100_A0A110AVD8~K01790	70.0	180	54	0	1	180	1	180	6.44e-95	279
FinalAssembly_bactGenome_correctedΩLimnothrix_sp_HT2024_chromosome_2339	UniRef100_A0A1Z3HHP0~K03523	51.3	193	81	2	6	185	20	212	2.32e-54	177
FinalAssembly_bactGenome_correctedΩLimnothrix_sp_HT2024_chromosome_892	UniRef100_K9XGD5~K00799	67.9	184	58	1	3	185	2	185	1.75e-86	258
FinalAssembly_bactGenome_correctedΩLimnothrix_sp_HT2024_chromosome_2818	UniRef100_K9VSM8~K01515	69.1	181	56	0	1	181	1	181	3.21e-88	262
FinalAssembly_bactGenome_correctedΩLimnothrix_sp_HT2024_chromosome_2368	UniRef100_K9UDY4~K03830	63.1	149	50	1	27	175	6	149	3.19e-62	195
FinalAssembly_bactGenome_correctedΩLimnothrix_sp_HT2024_chromosome_2066	UniRef100_K9U3S7~K02825	75.3	178	41	1	1	178	1	175	1.20e-89	265
FinalAssembly_bactGenome_correctedΩLimnothrix_sp_HT2024_chromosome_1194	UniRef100_B7KKR5~K02113	54.9	184	83	0	1	184	1	184	4.00e-61	193
FinalAssembly_bactGenome_correctedΩLimnothrix_sp_HT2024_chromosome_676	UniRef100_B1YWV7~K08279	37.7	154	94	1	18	169	11	164	2.24e-22	94.4
FinalAssembly_bactGenome_correctedΩLimnothrix_sp_HT2024_chromosome_371	UniRef100_K9T153~K00942	52.7	182	86	0	1	182	1	182	3.42e-57	183
FinalAssembly_bactGenome_correctedΩLimnothrix_sp_HT2024_chromosome_219	UniRef100_K9WKL5~K02838	75.4	183	44	1	1	183	1	182	3.39e-92	272
FinalAssembly_bactGenome_correctedΩLimnothrix_sp_HT2024_chromosome_3338	UniRef100_K9PJ75~K02860	53.2	188	78	2	1	182	35	218	6.16e-63	199
FinalAssembly_bactGenome_correctedΩLimnothrix_sp_HT2024_chromosome_1623	UniRef100_K9VS72~K00901	54.4	147	62	1	27	173	18	159	5.99e-42	144
FinalAssembly_bactGenome_correctedΩLimnothrix_sp_HT2024_chromosome_3144	UniRef100_A0A1Y0RUH8~K02931	83.1	178	30	0	4	181	5	182	1.23e-105	306
FinalAssembly_bactGenome_correctedΩLimnothrix_sp_HT2024_chromosome_2374	UniRef100_K9W5M1~K09793	52.9	174	82	0	8	181	4	177	7.56e-42	144
FinalAssembly_bactGenome_correctedΩLimnothrix_sp_HT2024_chromosome_1113	UniRef100_A0A0T7BQF8~K00794	82.1	162	29	0	1	162	1	162	3.82e-93	274
FinalAssembly_bactGenome_correctedΩLimnothrix_sp_HT2024_chromosome_3231	UniRef100_A0A1D8TXK6~K07460	44.5	164	73	3	15	177	2	148	2.59e-35	126
FinalAssembly_bactGenome_correctedΩLimnothrix_sp_HT2024_chromosome_1997	UniRef100_F4Y009~K02520	78.6	173	37	0	6	178	4	176	9.54e-90	265
FinalAssembly_bactGenome_correctedΩLimnothrix_sp_HT2024_chromosome_1195	UniRef100_A0A1Z3HPW1~K02109	58.0	162	68	0	17	178	12	173	1.25e-36	130
FinalAssembly_bactGenome_correctedΩLimnothrix_sp_HT2024_chromosome_3267	UniRef100_Q31NV7~K02636	81.0	179	34	0	1	179	1	179	1.52e-107	310
FinalAssembly_bactGenome_correctedΩLimnothrix_sp_HT2024_chromosome_3146	UniRef100_A0A1Z3HVI5~K02933	77.7	179	40	0	1	179	1	179	2.35e-95	280
FinalAssembly_bactGenome_correctedΩLimnothrix_sp_HT2024_chromosome_2974	UniRef100_A0A0S3TYJ2~K02659	66.7	174	55	2	1	172	1	173	1.04e-74	227
FinalAssembly_bactGenome_correctedΩLimnothrix_sp_HT2024_chromosome_2817	UniRef100_K9SCM4~K00950	66.9	151	50	0	24	174	5	155	1.09e-65	204
FinalAssembly_bactGenome_correctedΩLimnothrix_sp_HT2024_chromosome_2378	UniRef100_Q30WI1~K03824	46.1	178	96	0	1	178	1	178	3.86e-51	167
FinalAssembly_bactGenome_correctedΩLimnothrix_sp_HT2024_chromosome_788	UniRef100_K9W0J4~K00759	62.7	169	63	0	10	178	2	170	8.92e-77	232
FinalAssembly_bactGenome_correctedΩLimnothrix_sp_HT2024_chromosome_2340	UniRef100_D4ZXM2~K03101	64.9	154	52	1	22	173	5	158	1.65e-69	213
FinalAssembly_bactGenome_correctedΩLimnothrix_sp_HT2024_chromosome_2159	UniRef100_F2NQY5~K00860	73.7	171	45	0	3	173	7	177	2.57e-86	257
FinalAssembly_bactGenome_correctedΩLimnothrix_sp_HT2024_chromosome_1574	UniRef100_A0A110AVI7~K07738	65.7	175	57	1	3	174	1	175	7.61e-73	223
FinalAssembly_bactGenome_correctedΩLimnothrix_sp_HT2024_chromosome_513	UniRef100_K9T341~K05581	74.4	180	42	2	1	177	1	179	1.31e-96	283
FinalAssembly_bactGenome_correctedΩLimnothrix_sp_HT2024_chromosome_3201	UniRef100_P73728~K03386	79.3	174	36	0	3	176	4	177	1.74e-103	300
FinalAssembly_bactGenome_correctedΩLimnothrix_sp_HT2024_chromosome_1755	UniRef100_Q8YSQ4~K06883	37.4	171	98	4	4	174	2	163	7.80e-26	102
FinalAssembly_bactGenome_correctedΩLimnothrix_sp_HT2024_chromosome_1066	UniRef100_K9RR82~K06991	57.2	159	66	1	19	175	3	161	2.19e-60	191
FinalAssembly_bactGenome_correctedΩLimnothrix_sp_HT2024_chromosome_319	UniRef100_P73483~K09005	54.7	161	65	3	16	170	14	172	6.53e-49	162
FinalAssembly_bactGenome_correctedΩLimnothrix_sp_HT2024_chromosome_114	UniRef100_A0A0X8WQK4~K00798	59.3	177	70	1	1	175	1	177	2.59e-63	198
FinalAssembly_bactGenome_correctedΩLimnothrix_sp_HT2024_chromosome_2041	UniRef100_K9W4X3~K02864	69.8	172	52	0	1	172	1	172	5.78e-81	243
FinalAssembly_bactGenome_correctedΩLimnothrix_sp_HT2024_chromosome_1119	UniRef100_A0A068MZI3~K01588	80.8	172	33	0	3	174	2	173	9.11e-89	263
FinalAssembly_bactGenome_correctedΩLimnothrix_sp_HT2024_chromosome_718	UniRef100_Q2JI07~K05382	39.7	174	101	3	3	172	2	175	9.07e-30	113
FinalAssembly_bactGenome_correctedΩLimnothrix_sp_HT2024_chromosome_465	UniRef100_K9QHY7~K08234	74.7	146	37	0	27	172	5	150	6.18e-78	235
FinalAssembly_bactGenome_correctedΩLimnothrix_sp_HT2024_chromosome_3148	UniRef100_K9S5U0~K02988	82.1	173	30	1	1	173	1	172	2.89e-91	269
FinalAssembly_bactGenome_correctedΩLimnothrix_sp_HT2024_chromosome_2752	UniRef100_A0A110AUP0~K02372	83.7	147	23	1	28	174	27	172	9.90e-85	252
FinalAssembly_bactGenome_correctedΩLimnothrix_sp_HT2024_chromosome_2177	UniRef100_K9ZDM9~K09983	68.4	171	54	0	1	171	1	171	3.36e-81	243
FinalAssembly_bactGenome_correctedΩLimnothrix_sp_HT2024_chromosome_2151	UniRef100_A0A0S3P6T5~K03828	66.7	159	53	0	1	159	1	159	5.58e-72	219
FinalAssembly_bactGenome_correctedΩLimnothrix_sp_HT2024_chromosome_2017	UniRef100_L0AHU5~K09966	50.3	143	65	1	24	166	5	141	1.03e-40	140
FinalAssembly_bactGenome_correctedΩLimnothrix_sp_HT2024_chromosome_2272	UniRef100_A0A0S3TY49~K03711	81.2	149	28	0	25	173	6	154	1.62e-88	261
FinalAssembly_bactGenome_correctedΩLimnothrix_sp_HT2024_chromosome_1460	UniRef100_K9S5K1~K08999	77.1	166	38	0	1	166	1	166	3.71e-88	261
FinalAssembly_bactGenome_correctedΩLimnothrix_sp_HT2024_chromosome_901	UniRef100_K9S6P4~K00997	52.2	159	51	3	4	159	10	146	7.33e-46	153
FinalAssembly_bactGenome_correctedΩLimnothrix_sp_HT2024_chromosome_2487	UniRef100_A0A0S3TZ29~K01653	85.4	171	25	0	1	171	1	171	7.24e-98	285
FinalAssembly_bactGenome_correctedΩLimnothrix_sp_HT2024_chromosome_2252	UniRef100_K9RWE6~K02285	86.0	172	24	0	1	172	1	172	5.94e-97	283
FinalAssembly_bactGenome_correctedΩLimnothrix_sp_HT2024_chromosome_1325	UniRef100_K9XIQ1~K02426	62.2	143	54	0	1	143	1	143	1.58e-60	190
FinalAssembly_bactGenome_correctedΩLimnothrix_sp_HT2024_chromosome_564	UniRef100_K9SAF7~K03638	69.9	163	49	0	10	172	4	166	1.74e-74	226
FinalAssembly_bactGenome_correctedΩLimnothrix_sp_HT2024_chromosome_2235	UniRef100_K9VL59~K01304	48.8	162	83	0	7	168	6	167	1.56e-42	145
FinalAssembly_bactGenome_correctedΩLimnothrix_sp_HT2024_chromosome_3373	UniRef100_A0A0X8WPQ9~K03839	74.1	170	44	0	1	170	1	170	1.91e-92	271
FinalAssembly_bactGenome_correctedΩLimnothrix_sp_HT2024_chromosome_1972	UniRef100_A5EPD2~K00657	45.3	150	76	1	14	163	5	148	3.18e-39	136
FinalAssembly_bactGenome_correctedΩLimnothrix_sp_HT2024_chromosome_282	UniRef100_K9S323~K00995	71.6	176	43	2	1	170	1	175	2.03e-80	241
FinalAssembly_bactGenome_correctedΩLimnothrix_sp_HT2024_chromosome_38	UniRef100_K9QFT9~K11145	57.1	154	64	2	2	154	5	157	9.52e-46	153
FinalAssembly_bactGenome_correctedΩLimnothrix_sp_HT2024_chromosome_2911	UniRef100_E0UDN6~K02097	78.3	166	35	1	2	166	1	166	5.66e-89	263
FinalAssembly_bactGenome_correctedΩLimnothrix_sp_HT2024_chromosome_2577	UniRef100_B8HQM5~K01507	86.4	169	23	0	1	169	1	169	9.00e-109	313
FinalAssembly_bactGenome_correctedΩLimnothrix_sp_HT2024_chromosome_691	UniRef100_K9QPX2~K00954	74.0	154	40	0	5	158	3	156	6.81e-76	230
FinalAssembly_bactGenome_correctedΩLimnothrix_sp_HT2024_chromosome_2369	UniRef100_A0A0X8WTY0~K05337	68.2	148	47	0	19	166	6	153	3.27e-61	192
FinalAssembly_bactGenome_correctedΩLimnothrix_sp_HT2024_chromosome_827	UniRef100_Q8YRM7~K07040	59.3	167	67	1	1	166	1	167	4.54e-67	207
FinalAssembly_bactGenome_correctedΩLimnothrix_sp_HT2024_chromosome_947	UniRef100_K9SBE4~K06925	53.7	164	70	1	2	165	6	163	1.03e-53	173
FinalAssembly_bactGenome_correctedΩLimnothrix_sp_HT2024_chromosome_3247	UniRef100_K9WI10~K02720	67.3	159	52	0	2	160	1	159	3.21e-74	225
FinalAssembly_bactGenome_correctedΩLimnothrix_sp_HT2024_chromosome_3232	UniRef100_K9WDL6~K01104	69.8	162	48	1	1	162	1	161	2.41e-78	235
FinalAssembly_bactGenome_correctedΩLimnothrix_sp_HT2024_chromosome_2686	UniRef100_A0A0S3PDS6~K02160	50.8	181	70	2	1	164	1	179	3.60e-51	167
FinalAssembly_bactGenome_correctedΩLimnothrix_sp_HT2024_chromosome_3352	UniRef100_K9T3R6~K03635	80.6	144	28	0	18	161	15	158	1.30e-82	246
FinalAssembly_bactGenome_correctedΩLimnothrix_sp_HT2024_chromosome_828	UniRef100_K9VZQ5~K06346	49.7	163	79	2	1	160	1	163	2.75e-44	149
FinalAssembly_bactGenome_correctedΩLimnothrix_sp_HT2024_chromosome_2793	UniRef100_K9WHJ6~K10914	50.0	168	79	1	1	163	1	168	1.43e-47	157
FinalAssembly_bactGenome_correctedΩLimnothrix_sp_HT2024_chromosome_2094	UniRef100_K9ZI78~K09767	80.4	163	32	0	1	163	1	163	3.70e-82	245
FinalAssembly_bactGenome_correctedΩLimnothrix_sp_HT2024_chromosome_2984	UniRef100_P11390~K02095	81.9	160	29	0	1	160	1	160	1.09e-92	271
FinalAssembly_bactGenome_correctedΩLimnothrix_sp_HT2024_chromosome_2251	UniRef100_A0A076HAY5~K02284	81.4	161	30	0	1	161	1	161	6.80e-89	262
FinalAssembly_bactGenome_correctedΩLimnothrix_sp_HT2024_chromosome_1995	UniRef100_A0A0P0CY74~K10914	31.9	135	92	0	5	139	4	138	1.42e-21	90.9
FinalAssembly_bactGenome_correctedΩLimnothrix_sp_HT2024_chromosome_1450	UniRef100_K7W1I9~K02650	45.5	165	86	4	1	162	1	164	1.68e-28	109
FinalAssembly_bactGenome_correctedΩLimnothrix_sp_HT2024_chromosome_1177	UniRef100_A0A290ZA62~K21185	32.5	154	98	3	2	153	21	170	6.12e-17	79.7
FinalAssembly_bactGenome_correctedΩLimnothrix_sp_HT2024_chromosome_1190	UniRef100_K9VZ91~K02092	85.0	160	24	0	1	160	1	160	1.69e-93	273
FinalAssembly_bactGenome_correctedΩLimnothrix_sp_HT2024_chromosome_1189	UniRef100_K9VI63~K02093	95.0	161	8	0	1	161	1	161	4.91e-102	295
FinalAssembly_bactGenome_correctedΩLimnothrix_sp_HT2024_chromosome_196	UniRef100_E0U7Y1~K07491	58.5	159	66	0	1	159	1	159	1.98e-62	196
FinalAssembly_bactGenome_correctedΩLimnothrix_sp_HT2024_chromosome_2363	UniRef100_K9TEV1~K02694	69.4	160	49	0	1	160	1	160	4.98e-74	224
FinalAssembly_bactGenome_correctedΩLimnothrix_sp_HT2024_chromosome_2361	UniRef100_A0A110AVK3~K02699	69.0	155	48	0	4	158	3	157	1.11e-70	216
FinalAssembly_bactGenome_correctedΩLimnothrix_sp_HT2024_chromosome_2318	UniRef100_Q31P19~K01770	84.3	153	24	0	4	156	5	157	1.11e-93	274
FinalAssembly_bactGenome_correctedΩLimnothrix_sp_HT2024_chromosome_2218	UniRef100_A2RPY9~K04047	80.4	158	31	0	3	160	6	163	2.24e-87	258
FinalAssembly_bactGenome_correctedΩLimnothrix_sp_HT2024_chromosome_1237	UniRef100_E0U5W9~K02637	86.9	160	21	0	1	160	1	160	5.32e-101	292
FinalAssembly_bactGenome_correctedΩLimnothrix_sp_HT2024_chromosome_1026	UniRef100_U5QP47~K00432	69.6	158	48	0	2	159	3	160	2.41e-79	238
FinalAssembly_bactGenome_correctedΩLimnothrix_sp_HT2024_chromosome_1196	UniRef100_K9ZDJ8~K02109	77.9	154	31	1	8	158	6	159	7.44e-30	112
FinalAssembly_bactGenome_correctedΩLimnothrix_sp_HT2024_chromosome_220	UniRef100_K9SB20~K03564	74.0	154	40	0	1	154	1	154	1.00e-79	238
FinalAssembly_bactGenome_correctedΩLimnothrix_sp_HT2024_chromosome_2968	UniRef100_K9S9D9~K18805	87.0	154	20	0	1	154	24	177	1.20e-95	280
FinalAssembly_bactGenome_correctedΩLimnothrix_sp_HT2024_chromosome_179	UniRef100_A0A110AWX4~K07107	57.8	135	56	1	22	156	20	153	1.60e-49	162
FinalAssembly_bactGenome_correctedΩLimnothrix_sp_HT2024_chromosome_1693	UniRef100_K9TK01~K05585	62.1	145	55	0	10	154	2	146	7.01e-65	201
FinalAssembly_bactGenome_correctedΩLimnothrix_sp_HT2024_chromosome_543	UniRef100_K9WEW7~K04757	48.6	138	63	2	12	149	10	139	2.39e-38	133
FinalAssembly_bactGenome_correctedΩLimnothrix_sp_HT2024_chromosome_221	UniRef100_K9U081~K03574	58.1	148	62	0	5	152	11	158	3.62e-62	194
FinalAssembly_bactGenome_correctedΩLimnothrix_sp_HT2024_chromosome_1670	UniRef100_K9TVC3~K09763	51.0	149	56	3	1	146	5	139	1.41e-45	151
FinalAssembly_bactGenome_correctedΩLimnothrix_sp_HT2024_chromosome_763	UniRef100_A5D8R0~K01518	34.8	132	81	3	25	153	24	153	9.11e-11	62.8
FinalAssembly_bactGenome_correctedΩLimnothrix_sp_HT2024_chromosome_177	UniRef100_B1XQP0~K09935	62.1	145	55	0	3	147	9	153	1.58e-63	197
FinalAssembly_bactGenome_correctedΩLimnothrix_sp_HT2024_chromosome_2816	UniRef100_K9VKB3~K07507	56.0	150	59	3	2	144	5	154	1.45e-42	144
FinalAssembly_bactGenome_correctedΩLimnothrix_sp_HT2024_chromosome_1489	UniRef100_B1XIX1~K01768	58.7	155	63	1	1	155	1	154	1.63e-57	182
FinalAssembly_bactGenome_correctedΩLimnothrix_sp_HT2024_chromosome_3182	UniRef100_A0A0S3P6N1~K03216	72.8	151	41	0	3	153	2	152	1.09e-74	225
FinalAssembly_bactGenome_correctedΩLimnothrix_sp_HT2024_chromosome_3158	UniRef100_A0A0S3U4P4~K02871	83.6	146	24	0	6	151	4	149	2.20e-85	252
FinalAssembly_bactGenome_correctedΩLimnothrix_sp_HT2024_chromosome_2405	UniRef100_B7K575~K07182	58.2	153	63	1	1	152	1	153	9.37e-55	175
FinalAssembly_bactGenome_correctedΩLimnothrix_sp_HT2024_chromosome_1405	UniRef100_K9QG26~K09748	63.8	149	54	0	1	149	1	149	3.66e-66	204
FinalAssembly_bactGenome_correctedΩLimnothrix_sp_HT2024_chromosome_776	UniRef100_B2J722~K03664	74.5	153	39	0	1	153	1	153	1.97e-82	245
FinalAssembly_bactGenome_correctedΩLimnothrix_sp_HT2024_chromosome_1093	UniRef100_D4LX16~K03111	31.0	158	97	4	1	153	1	151	2.52e-06	50.8
FinalAssembly_bactGenome_correctedΩLimnothrix_sp_HT2024_chromosome_3542	UniRef100_K9XVS8~K02939	64.4	149	53	0	1	149	1	149	1.33e-58	184
FinalAssembly_bactGenome_correctedΩLimnothrix_sp_HT2024_chromosome_1721	UniRef100_K9TPQ7~K09775	71.6	141	40	0	1	141	1	141	4.50e-66	203
FinalAssembly_bactGenome_correctedΩLimnothrix_sp_HT2024_chromosome_2809	UniRef100_Q8XG10~K07492	56.0	125	55	0	12	136	3	127	9.80e-46	151
FinalAssembly_bactGenome_correctedΩLimnothrix_sp_HT2024_chromosome_2387	UniRef100_Q8XG10~K07492	56.0	125	55	0	12	136	3	127	9.80e-46	151
FinalAssembly_bactGenome_correctedΩLimnothrix_sp_HT2024_chromosome_1827	UniRef100_Q8XG10~K07492	56.0	125	55	0	12	136	3	127	9.80e-46	151
FinalAssembly_bactGenome_correctedΩLimnothrix_sp_HT2024_chromosome_1825	UniRef100_Q8XG10~K07492	56.0	125	55	0	12	136	3	127	9.80e-46	151
FinalAssembly_bactGenome_correctedΩLimnothrix_sp_HT2024_chromosome_1715	UniRef100_Q8XG10~K07492	56.0	125	55	0	12	136	3	127	9.80e-46	151
FinalAssembly_bactGenome_correctedΩLimnothrix_sp_HT2024_chromosome_1372	UniRef100_A0A0H2ZPV7~K07492	36.2	127	80	1	20	146	1	126	7.69e-20	85.5
FinalAssembly_bactGenome_correctedΩLimnothrix_sp_HT2024_chromosome_1027	UniRef100_K9TKC1~K03564	70.9	148	43	0	1	148	1	148	4.14e-73	221
FinalAssembly_bactGenome_correctedΩLimnothrix_sp_HT2024_chromosome_669	UniRef100_Q8XG10~K07492	56.0	125	55	0	12	136	3	127	9.80e-46	151
FinalAssembly_bactGenome_correctedΩLimnothrix_sp_HT2024_chromosome_667	UniRef100_Q8XG10~K07492	56.0	125	55	0	12	136	3	127	9.80e-46	151
FinalAssembly_bactGenome_correctedΩLimnothrix_sp_HT2024_chromosome_384	UniRef100_Q8XG10~K07492	56.0	125	55	0	12	136	3	127	9.80e-46	151
FinalAssembly_bactGenome_correctedΩLimnothrix_sp_HT2024_chromosome_586	UniRef100_A0A1Y0RR08~K00940	83.2	149	25	0	1	149	1	149	1.10e-90	265
FinalAssembly_bactGenome_correctedΩLimnothrix_sp_HT2024_chromosome_172	UniRef100_H1W9J6~K02692	81.8	137	25	0	12	148	5	141	2.46e-81	241
FinalAssembly_bactGenome_correctedΩLimnothrix_sp_HT2024_chromosome_71	UniRef100_Q55367~K01725	86.6	149	20	0	1	149	1	149	2.90e-86	254
FinalAssembly_bactGenome_correctedΩLimnothrix_sp_HT2024_chromosome_1729	UniRef100_K9QP04~K08983	66.0	147	50	0	1	147	1	147	9.97e-62	192
FinalAssembly_bactGenome_correctedΩLimnothrix_sp_HT2024_chromosome_1658	UniRef100_K9VPC4~K07560	74.8	147	37	0	1	147	1	147	2.19e-72	219
FinalAssembly_bactGenome_correctedΩLimnothrix_sp_HT2024_chromosome_3149	UniRef100_K9RYT5~K02876	74.0	146	38	0	1	146	1	146	3.54e-61	191
FinalAssembly_bactGenome_correctedΩLimnothrix_sp_HT2024_chromosome_1726	UniRef100_Q7U6K4~K03574	47.4	135	64	4	3	135	4	133	1.22e-31	115
FinalAssembly_bactGenome_correctedΩLimnothrix_sp_HT2024_chromosome_537	UniRef100_D3RQY2~K13643	45.0	129	70	1	1	128	1	129	1.65e-27	105
FinalAssembly_bactGenome_correctedΩLimnothrix_sp_HT2024_chromosome_2074	UniRef100_B1WWB7~K13993	57.4	148	61	1	1	146	1	148	7.49e-51	164
FinalAssembly_bactGenome_correctedΩLimnothrix_sp_HT2024_chromosome_1392	UniRef100_K9WJ98~K04757	69.2	143	44	0	1	143	1	143	4.60e-72	218
FinalAssembly_bactGenome_correctedΩLimnothrix_sp_HT2024_chromosome_497	UniRef100_B1X1A3~K11355	48.5	136	70	0	8	143	12	147	5.99e-38	132
FinalAssembly_bactGenome_correctedΩLimnothrix_sp_HT2024_chromosome_228	UniRef100_Q8DLJ7~K03786	73.8	141	37	0	3	143	5	145	7.61e-70	213
FinalAssembly_bactGenome_correctedΩLimnothrix_sp_HT2024_chromosome_3588	UniRef100_K9WB99~K09958	91.2	137	12	0	6	142	22	158	2.46e-88	259
FinalAssembly_bactGenome_correctedΩLimnothrix_sp_HT2024_chromosome_2684	UniRef100_I0JP97~K17472	42.5	146	76	4	1	145	1	139	2.80e-26	102
FinalAssembly_bactGenome_correctedΩLimnothrix_sp_HT2024_chromosome_2053	UniRef100_K9U776~K06199	56.0	141	58	1	7	143	9	149	3.82e-44	147
FinalAssembly_bactGenome_correctedΩLimnothrix_sp_HT2024_chromosome_1199	UniRef100_K9SAN9~K02116	53.0	132	62	0	13	144	2	133	2.94e-40	137
FinalAssembly_bactGenome_correctedΩLimnothrix_sp_HT2024_chromosome_523	UniRef100_K9V824~K03574	78.4	139	30	0	6	144	2	140	8.44e-79	235
FinalAssembly_bactGenome_correctedΩLimnothrix_sp_HT2024_chromosome_481	UniRef100_D6CPB8~K08998	39.0	141	74	6	14	143	6	145	1.13e-21	90.5
FinalAssembly_bactGenome_correctedΩLimnothrix_sp_HT2024_chromosome_386	UniRef100_K9WA13~K12073	45.5	134	70	2	1	134	1	131	5.28e-35	124
FinalAssembly_bactGenome_correctedΩLimnothrix_sp_HT2024_chromosome_1774	UniRef100_F6DCY5~K06149	32.4	142	87	4	4	137	6	146	1.31e-08	56.6
FinalAssembly_bactGenome_correctedΩLimnothrix_sp_HT2024_chromosome_1564	UniRef100_A0A0S3U7H9~K03711	78.5	135	29	0	1	135	9	143	1.43e-77	232
FinalAssembly_bactGenome_correctedΩLimnothrix_sp_HT2024_chromosome_3252	UniRef100_K9X0Z3~K06940	71.6	116	33	0	1	116	1	116	8.03e-62	191
FinalAssembly_bactGenome_correctedΩLimnothrix_sp_HT2024_chromosome_3184	UniRef100_K9X6D0~K01759	82.6	132	23	0	1	132	1	132	1.05e-76	229
FinalAssembly_bactGenome_correctedΩLimnothrix_sp_HT2024_chromosome_2039	UniRef100_K9XBF6~K02867	83.0	141	24	0	1	141	1	141	4.93e-81	240
FinalAssembly_bactGenome_correctedΩLimnothrix_sp_HT2024_chromosome_1233	UniRef100_A0A0S3U7K8~K03559	51.8	139	63	3	1	139	1	135	1.28e-35	125
FinalAssembly_bactGenome_correctedΩLimnothrix_sp_HT2024_chromosome_3205	UniRef100_A0A0S3P852~K01809	79.0	138	27	1	1	136	1	138	1.35e-73	221
FinalAssembly_bactGenome_correctedΩLimnothrix_sp_HT2024_chromosome_3200	UniRef100_A0A0X8WYM8~K03559	58.3	132	51	2	4	135	3	130	2.82e-41	139
FinalAssembly_bactGenome_correctedΩLimnothrix_sp_HT2024_chromosome_3120	UniRef100_Q31KJ1~K07447	55.6	135	60	0	5	139	5	139	1.57e-46	153
FinalAssembly_bactGenome_correctedΩLimnothrix_sp_HT2024_chromosome_831	UniRef100_B0JN62~K03536	43.6	133	58	1	1	133	1	116	4.87e-27	103
FinalAssembly_bactGenome_correctedΩLimnothrix_sp_HT2024_chromosome_411	UniRef100_K9U9X8~K21903	54.5	121	50	2	25	140	15	135	2.37e-32	117
FinalAssembly_bactGenome_correctedΩLimnothrix_sp_HT2024_chromosome_3260	UniRef100_K9SB82~K03768	89.9	139	14	0	1	139	1	139	1.05e-90	265
FinalAssembly_bactGenome_correctedΩLimnothrix_sp_HT2024_chromosome_3139	UniRef100_H1WMH6~K02878	84.2	139	22	0	1	139	1	139	1.81e-82	244
FinalAssembly_bactGenome_correctedΩLimnothrix_sp_HT2024_chromosome_2306	UniRef100_Q7NKA5~K07065	64.1	131	47	0	6	136	7	137	9.33e-55	174
FinalAssembly_bactGenome_correctedΩLimnothrix_sp_HT2024_chromosome_1940	UniRef100_K9PXL8~K03559	65.2	132	46	0	3	134	2	133	4.26e-53	169
FinalAssembly_bactGenome_correctedΩLimnothrix_sp_HT2024_chromosome_350	UniRef100_B8HKU6~K07216	47.7	128	67	0	1	128	1	128	6.02e-30	111
FinalAssembly_bactGenome_correctedΩLimnothrix_sp_HT2024_chromosome_234	UniRef100_B0JT57~K07065	47.1	136	72	0	1	136	1	136	6.27e-31	113
FinalAssembly_bactGenome_correctedΩLimnothrix_sp_HT2024_chromosome_738	UniRef100_K9VSM3~K02657	59.1	115	47	0	16	130	7	121	4.28e-42	141
FinalAssembly_bactGenome_correctedΩLimnothrix_sp_HT2024_chromosome_187	UniRef100_K9VS87~K03741	77.7	130	29	0	1	130	1	130	5.12e-71	214
FinalAssembly_bactGenome_correctedΩLimnothrix_sp_HT2024_chromosome_3159	UniRef100_K9S3X3~K02996	82.5	137	24	0	1	137	1	137	3.24e-75	225
FinalAssembly_bactGenome_correctedΩLimnothrix_sp_HT2024_chromosome_2320	UniRef100_K9Z363~K09457	84.3	121	19	0	13	133	9	129	8.31e-74	221
FinalAssembly_bactGenome_correctedΩLimnothrix_sp_HT2024_chromosome_3254	UniRef100_B8HM50~K06208	75.0	124	31	0	1	124	6	129	9.50e-64	196
FinalAssembly_bactGenome_correctedΩLimnothrix_sp_HT2024_chromosome_2329	UniRef100_A0A0S3U4C3~K03559	54.0	124	57	0	11	134	1	124	1.09e-35	125
FinalAssembly_bactGenome_correctedΩLimnothrix_sp_HT2024_chromosome_1071	UniRef100_B7JY45~K00950	54.4	136	61	1	1	136	1	135	2.37e-40	137
FinalAssembly_bactGenome_correctedΩLimnothrix_sp_HT2024_chromosome_550	UniRef100_B8HQM6~K07065	37.8	135	82	1	4	136	2	136	3.76e-21	88.6
FinalAssembly_bactGenome_correctedΩLimnothrix_sp_HT2024_chromosome_2821	UniRef100_K9ZPY3~K18828	56.1	132	57	1	4	134	2	133	1.06e-37	130
FinalAssembly_bactGenome_correctedΩLimnothrix_sp_HT2024_chromosome_2666	UniRef100_A0A1Z3HK29~K18828	75.2	133	33	0	1	133	1	133	7.95e-68	206
FinalAssembly_bactGenome_correctedΩLimnothrix_sp_HT2024_chromosome_2337	UniRef100_K9RP70~K08902	64.9	134	45	1	1	134	1	132	7.10e-50	161
FinalAssembly_bactGenome_correctedΩLimnothrix_sp_HT2024_chromosome_3575	UniRef100_K9RXE6~K07305	75.2	125	31	0	4	128	8	132	3.18e-72	218
FinalAssembly_bactGenome_correctedΩLimnothrix_sp_HT2024_chromosome_3203	UniRef100_A0A0S3U2E0~K02114	74.3	136	32	1	1	133	1	136	2.28e-60	187
FinalAssembly_bactGenome_correctedΩLimnothrix_sp_HT2024_chromosome_1993	UniRef100_A0A0F2L0V0~K11443	40.0	115	60	3	1	115	1	106	1.69e-20	86.3
FinalAssembly_bactGenome_correctedΩLimnothrix_sp_HT2024_chromosome_659	UniRef100_K9T074~K07075	47.3	110	51	2	18	127	5	107	4.82e-23	92.4
FinalAssembly_bactGenome_correctedΩLimnothrix_sp_HT2024_chromosome_3209	UniRef100_A0A0S3U3D4~K02992	84.8	132	20	0	1	132	25	156	3.35e-73	221
FinalAssembly_bactGenome_correctedΩLimnothrix_sp_HT2024_chromosome_3145	UniRef100_K9VYG2~K02994	81.5	130	24	0	3	132	4	133	1.50e-71	216
FinalAssembly_bactGenome_correctedΩLimnothrix_sp_HT2024_chromosome_2704	UniRef100_K9WE87~K02639	79.0	119	25	0	14	132	4	122	1.53e-64	197
FinalAssembly_bactGenome_correctedΩLimnothrix_sp_HT2024_chromosome_563	UniRef100_K9W918~K08903	69.4	111	34	0	20	130	1	111	1.04e-53	170
FinalAssembly_bactGenome_correctedΩLimnothrix_sp_HT2024_chromosome_11	UniRef100_A0A0S3U2N6~K03608	53.1	113	49	3	1	110	1	112	4.02e-28	105
FinalAssembly_bactGenome_correctedΩLimnothrix_sp_HT2024_chromosome_3154	UniRef100_A0A0X8WTF3~K02948	88.5	131	15	0	1	131	1	131	1.26e-76	228
FinalAssembly_bactGenome_correctedΩLimnothrix_sp_HT2024_chromosome_1364	UniRef100_K9S971~K08904	62.6	115	43	0	15	129	6	120	2.55e-48	157
FinalAssembly_bactGenome_correctedΩLimnothrix_sp_HT2024_chromosome_917	UniRef100_W5Y3N3~K01579	51.3	115	56	0	1	115	1	115	7.38e-34	120
FinalAssembly_bactGenome_correctedΩLimnothrix_sp_HT2024_chromosome_985	UniRef100_K9SLI3~K02638	43.8	128	62	3	6	130	7	127	8.85e-24	94.7
FinalAssembly_bactGenome_correctedΩLimnothrix_sp_HT2024_chromosome_180	UniRef100_Q2JX00~K02437	55.5	128	57	0	1	128	1	128	8.58e-49	158
FinalAssembly_bactGenome_correctedΩLimnothrix_sp_HT2024_chromosome_2991	UniRef100_K9Q6Z4~K02719	54.5	143	48	4	2	129	9	149	9.35e-38	130
FinalAssembly_bactGenome_correctedΩLimnothrix_sp_HT2024_chromosome_2781	UniRef100_A0A0X8WT55~K04651	67.8	118	38	0	1	118	1	118	9.81e-59	183
FinalAssembly_bactGenome_correctedΩLimnothrix_sp_HT2024_chromosome_524	UniRef100_A0A0T7BS28~K09022	72.1	129	35	1	1	128	1	129	1.89e-61	190
FinalAssembly_bactGenome_correctedΩLimnothrix_sp_HT2024_chromosome_1870	UniRef100_K9R0W7~K05569	55.1	118	53	0	11	128	6	123	6.05e-41	138
FinalAssembly_bactGenome_correctedΩLimnothrix_sp_HT2024_chromosome_2761	UniRef100_A0A060R7R4~K09022	32.3	124	84	0	3	126	2	125	9.10e-14	68.9
FinalAssembly_bactGenome_correctedΩLimnothrix_sp_HT2024_chromosome_2152	UniRef100_E6S9A2~K04749	34.5	116	68	3	10	123	15	124	3.89e-09	57.0
FinalAssembly_bactGenome_correctedΩLimnothrix_sp_HT2024_chromosome_2042	UniRef100_Q8DM25~K02935	76.0	125	25	1	8	127	8	132	3.40e-48	156
FinalAssembly_bactGenome_correctedΩLimnothrix_sp_HT2024_chromosome_342	UniRef100_A1AL49~K06149	30.3	145	77	3	2	126	4	144	5.03e-06	49.3
FinalAssembly_bactGenome_correctedΩLimnothrix_sp_HT2024_chromosome_3207	UniRef100_A0A0S3U3L2~K02950	98.4	124	2	0	1	124	1	124	1.73e-81	240
FinalAssembly_bactGenome_correctedΩLimnothrix_sp_HT2024_chromosome_3153	UniRef100_D7DYZ5~K02952	87.9	124	14	1	1	123	1	124	1.43e-68	207
FinalAssembly_bactGenome_correctedΩLimnothrix_sp_HT2024_chromosome_1313	UniRef100_S0EV85~K07658	41.7	120	69	1	1	120	1	119	5.97e-22	90.1
FinalAssembly_bactGenome_correctedΩLimnothrix_sp_HT2024_chromosome_1014	UniRef100_K9PEK3~K03111	68.0	125	34	2	1	125	1	119	1.03e-55	175
FinalAssembly_bactGenome_correctedΩLimnothrix_sp_HT2024_chromosome_2298	UniRef100_C8X549~K21903	40.2	102	58	1	6	107	16	114	5.67e-13	66.6
FinalAssembly_bactGenome_correctedΩLimnothrix_sp_HT2024_chromosome_2106	UniRef100_B8HW51~K01429	70.6	109	32	0	1	109	1	109	8.69e-51	162
FinalAssembly_bactGenome_correctedΩLimnothrix_sp_HT2024_chromosome_3068	UniRef100_A0A0E3PTE0~K01790	51.4	105	51	0	12	116	2	106	1.51e-34	121
FinalAssembly_bactGenome_correctedΩLimnothrix_sp_HT2024_chromosome_2128	UniRef100_A0A1Y0RML6~K07090	79.7	123	25	0	1	123	1	123	1.82e-63	194
FinalAssembly_bactGenome_correctedΩLimnothrix_sp_HT2024_chromosome_1107	UniRef100_K9PTC8~K07075	53.8	106	44	2	10	114	13	114	5.10e-29	107
FinalAssembly_bactGenome_correctedΩLimnothrix_sp_HT2024_chromosome_627	UniRef100_K9WH55~K01633	59.3	118	48	0	5	122	1	118	1.33e-41	139
FinalAssembly_bactGenome_correctedΩLimnothrix_sp_HT2024_chromosome_3143	UniRef100_A0A0S3TXI9~K02895	79.4	107	22	0	16	122	10	116	1.37e-54	172
FinalAssembly_bactGenome_correctedΩLimnothrix_sp_HT2024_chromosome_3142	UniRef100_K9WXW8~K02874	90.2	122	12	0	1	122	1	122	5.10e-74	221
FinalAssembly_bactGenome_correctedΩLimnothrix_sp_HT2024_chromosome_2810	UniRef100_B8HZJ7~K07492	56.1	123	48	2	3	121	19	139	9.22e-35	122
FinalAssembly_bactGenome_correctedΩLimnothrix_sp_HT2024_chromosome_2386	UniRef100_B8HZJ7~K07492	56.1	123	48	2	3	121	19	139	9.22e-35	122
FinalAssembly_bactGenome_correctedΩLimnothrix_sp_HT2024_chromosome_1828	UniRef100_B8HZJ7~K07492	56.1	123	48	2	3	121	19	139	9.22e-35	122
FinalAssembly_bactGenome_correctedΩLimnothrix_sp_HT2024_chromosome_1714	UniRef100_B8HZJ7~K07492	56.1	123	48	2	3	121	19	139	9.22e-35	122
FinalAssembly_bactGenome_correctedΩLimnothrix_sp_HT2024_chromosome_666	UniRef100_B8HZJ7~K07492	56.1	123	48	2	3	121	19	139	9.22e-35	122
FinalAssembly_bactGenome_correctedΩLimnothrix_sp_HT2024_chromosome_385	UniRef100_B8HZJ7~K07492	56.1	123	48	2	3	121	19	139	9.22e-35	122
FinalAssembly_bactGenome_correctedΩLimnothrix_sp_HT2024_chromosome_382	UniRef100_B8HZJ7~K07492	56.1	123	48	2	3	121	19	139	9.22e-35	122
FinalAssembly_bactGenome_correctedΩLimnothrix_sp_HT2024_chromosome_2973	UniRef100_A0A1Y0RP39~K02658	85.1	121	18	0	1	121	1	121	1.07e-70	213
FinalAssembly_bactGenome_correctedΩLimnothrix_sp_HT2024_chromosome_1412	UniRef100_B7KC22~K08972	58.4	113	46	1	1	113	1	112	7.38e-33	117
FinalAssembly_bactGenome_correctedΩLimnothrix_sp_HT2024_chromosome_721	UniRef100_K9XIV6~K08972	51.8	112	54	0	1	112	1	112	4.32e-28	105
FinalAssembly_bactGenome_correctedΩLimnothrix_sp_HT2024_chromosome_480	UniRef100_A0A060DA54~K03413	81.7	120	22	0	1	120	1	120	1.41e-66	202
FinalAssembly_bactGenome_correctedΩLimnothrix_sp_HT2024_chromosome_3147	UniRef100_K9TII0~K02881	72.5	120	33	0	1	120	1	120	2.60e-57	179
FinalAssembly_bactGenome_correctedΩLimnothrix_sp_HT2024_chromosome_2788	UniRef100_K9U8P1~K02658	59.7	119	48	0	1	119	1	119	6.21e-49	157
FinalAssembly_bactGenome_correctedΩLimnothrix_sp_HT2024_chromosome_2036	UniRef100_K9XBE9~K02884	86.4	118	16	0	1	118	1	118	6.75e-69	208
FinalAssembly_bactGenome_correctedΩLimnothrix_sp_HT2024_chromosome_1330	UniRef100_K9TEH7~K02658	65.0	120	42	0	1	120	1	120	5.24e-57	178
FinalAssembly_bactGenome_correctedΩLimnothrix_sp_HT2024_chromosome_511	UniRef100_K9S4Z8~K05574	85.0	120	18	0	1	120	21	140	1.30e-68	208
FinalAssembly_bactGenome_correctedΩLimnothrix_sp_HT2024_chromosome_2512	UniRef100_A0A0S3TY64~K13628	75.4	118	28	1	2	119	4	120	2.14e-58	181
FinalAssembly_bactGenome_correctedΩLimnothrix_sp_HT2024_chromosome_1817	UniRef100_A0A0X8WRS6~K04749	83.2	119	20	0	1	119	1	119	7.26e-66	200
FinalAssembly_bactGenome_correctedΩLimnothrix_sp_HT2024_chromosome_1349	UniRef100_K9S723~K02887	90.3	113	11	0	1	113	1	113	1.43e-60	187
FinalAssembly_bactGenome_correctedΩLimnothrix_sp_HT2024_chromosome_1285	UniRef100_A0A142LLN2~K06991	32.3	124	67	3	8	117	6	126	3.03e-07	52.0
FinalAssembly_bactGenome_correctedΩLimnothrix_sp_HT2024_chromosome_378	UniRef100_K9TGV1~K07075	56.7	104	45	0	12	115	1	104	6.25e-34	119
FinalAssembly_bactGenome_correctedΩLimnothrix_sp_HT2024_chromosome_184	UniRef100_D5A348~K03113	66.7	105	35	0	15	119	17	121	2.39e-46	151
FinalAssembly_bactGenome_correctedΩLimnothrix_sp_HT2024_chromosome_3137	UniRef100_K9Q609~K02890	79.3	111	23	0	6	116	7	117	3.30e-57	178
FinalAssembly_bactGenome_correctedΩLimnothrix_sp_HT2024_chromosome_1284	UniRef100_K9PTC8~K07075	54.3	116	48	2	2	116	4	115	4.13e-34	120
FinalAssembly_bactGenome_correctedΩLimnothrix_sp_HT2024_chromosome_1282	UniRef100_K9PTC8~K07075	53.9	115	48	3	3	116	5	115	4.90e-28	104
FinalAssembly_bactGenome_correctedΩLimnothrix_sp_HT2024_chromosome_3412	UniRef100_D5A3Y0~K07075	55.3	94	42	0	15	108	3	96	1.70e-26	100
FinalAssembly_bactGenome_correctedΩLimnothrix_sp_HT2024_chromosome_3185	UniRef100_B1XJ35~K02503	81.1	111	21	0	6	116	3	113	3.88e-61	188
FinalAssembly_bactGenome_correctedΩLimnothrix_sp_HT2024_chromosome_3156	UniRef100_B8HMS9~K02879	81.0	116	22	0	1	116	1	116	3.37e-58	181
FinalAssembly_bactGenome_correctedΩLimnothrix_sp_HT2024_chromosome_987	UniRef100_B7KDA5~K03671	56.4	101	44	0	1	101	2	102	1.99e-38	130
FinalAssembly_bactGenome_correctedΩLimnothrix_sp_HT2024_chromosome_2675	UniRef100_D4ZR93~K03671	62.6	107	40	0	2	108	3	109	4.91e-47	152
FinalAssembly_bactGenome_correctedΩLimnothrix_sp_HT2024_chromosome_158	UniRef100_A0A120MWC0~K17892	82.7	110	19	0	5	114	4	113	1.01e-68	207
FinalAssembly_bactGenome_correctedΩLimnothrix_sp_HT2024_chromosome_3551	UniRef100_D1B1I9~K07075	44.1	93	52	0	22	114	4	96	3.72e-20	84.0
FinalAssembly_bactGenome_correctedΩLimnothrix_sp_HT2024_chromosome_3233	UniRef100_K9S4X2~K09747	75.4	114	28	0	1	114	20	133	4.45e-50	160
FinalAssembly_bactGenome_correctedΩLimnothrix_sp_HT2024_chromosome_1911	UniRef100_B8HTU8~K03892	57.9	95	40	0	10	104	9	103	4.36e-29	107
FinalAssembly_bactGenome_correctedΩLimnothrix_sp_HT2024_chromosome_3398	UniRef100_B0JI48~K04651	47.2	108	57	0	1	108	1	108	2.71e-28	105
FinalAssembly_bactGenome_correctedΩLimnothrix_sp_HT2024_chromosome_3228	UniRef100_A0A1E2WDV3~K08696	68.4	98	31	0	4	101	4	101	9.65e-36	123
FinalAssembly_bactGenome_correctedΩLimnothrix_sp_HT2024_chromosome_3206	UniRef100_A0A0S4KQC1~K13628	42.6	108	59	1	1	108	12	116	1.63e-25	98.2
FinalAssembly_bactGenome_correctedΩLimnothrix_sp_HT2024_chromosome_3544	UniRef100_K9U014~K07443	60.7	112	43	1	1	112	1	111	3.58e-43	142
FinalAssembly_bactGenome_correctedΩLimnothrix_sp_HT2024_chromosome_3378	UniRef100_H1WG98~K04751	88.4	112	13	0	1	112	1	112	3.47e-65	198
FinalAssembly_bactGenome_correctedΩLimnothrix_sp_HT2024_chromosome_2293	UniRef100_K9PTC8~K07075	54.6	108	48	1	5	111	9	116	5.71e-35	122
FinalAssembly_bactGenome_correctedΩLimnothrix_sp_HT2024_chromosome_2223	UniRef100_K9PTC8~K07075	58.2	110	46	0	3	112	7	116	3.31e-41	137
FinalAssembly_bactGenome_correctedΩLimnothrix_sp_HT2024_chromosome_1868	UniRef100_K9XQG6~K05567	86.4	110	14	1	1	110	1	109	3.72e-53	167
FinalAssembly_bactGenome_correctedΩLimnothrix_sp_HT2024_chromosome_1269	UniRef100_A0A0S3TXF8~K02990	61.5	104	39	1	4	107	2	104	9.45e-39	131
FinalAssembly_bactGenome_correctedΩLimnothrix_sp_HT2024_chromosome_696	UniRef100_A0A1Z3HPM4~K02888	68.8	109	34	0	1	109	1	109	4.28e-47	153
FinalAssembly_bactGenome_correctedΩLimnothrix_sp_HT2024_chromosome_442	UniRef100_K9Y0P7~K07075	49.0	104	53	0	8	111	7	110	4.54e-31	112
FinalAssembly_bactGenome_correctedΩLimnothrix_sp_HT2024_chromosome_2209	UniRef100_K9W8P1~K03671	84.1	107	17	0	1	107	1	107	1.52e-60	186
FinalAssembly_bactGenome_correctedΩLimnothrix_sp_HT2024_chromosome_1461	UniRef100_K9TF82~K01602	81.1	111	21	0	1	111	1	111	1.60e-65	199
FinalAssembly_bactGenome_correctedΩLimnothrix_sp_HT2024_chromosome_1243	UniRef100_U5QH25~K08697	74.0	100	26	0	1	100	1	100	8.71e-45	146
FinalAssembly_bactGenome_correctedΩLimnothrix_sp_HT2024_chromosome_1039	UniRef100_Q39YF2~K07075	64.7	102	35	1	10	111	5	105	1.60e-41	138
FinalAssembly_bactGenome_correctedΩLimnothrix_sp_HT2024_chromosome_189	UniRef100_A0A1D8TTD5~K03892	60.0	100	39	1	13	111	8	107	4.11e-33	117
FinalAssembly_bactGenome_correctedΩLimnothrix_sp_HT2024_chromosome_85	UniRef100_C5A3E8~K07076	36.0	100	62	2	10	109	9	106	5.72e-10	58.2
FinalAssembly_bactGenome_correctedΩLimnothrix_sp_HT2024_chromosome_1904	UniRef100_Q1J0S7~K03116	43.5	92	33	2	6	97	4	76	2.64e-09	55.8
FinalAssembly_bactGenome_correctedΩLimnothrix_sp_HT2024_chromosome_1111	UniRef100_K9Y8M8~K06891	79.6	98	20	0	13	110	11	108	6.05e-51	162
FinalAssembly_bactGenome_correctedΩLimnothrix_sp_HT2024_chromosome_730	UniRef100_H1W920~K05584	80.6	108	21	0	1	108	1	108	9.09e-56	174
FinalAssembly_bactGenome_correctedΩLimnothrix_sp_HT2024_chromosome_3168	UniRef100_K9U169~K08906	69.7	109	31	2	3	109	2	110	3.93e-45	147
FinalAssembly_bactGenome_correctedΩLimnothrix_sp_HT2024_chromosome_3599	UniRef100_A0A1V8NF26~K07075	60.4	91	35	1	18	108	11	100	6.78e-32	113
FinalAssembly_bactGenome_correctedΩLimnothrix_sp_HT2024_chromosome_3134	UniRef100_K9RYV2~K02892	72.3	94	26	0	15	108	9	102	2.25e-42	140
FinalAssembly_bactGenome_correctedΩLimnothrix_sp_HT2024_chromosome_1309	UniRef100_A0A1Z4RXP4~K09771	74.8	107	27	0	1	107	1	107	1.02e-57	179
FinalAssembly_bactGenome_correctedΩLimnothrix_sp_HT2024_chromosome_1191	UniRef100_K9X7T7~K02639	68.2	107	34	0	1	107	1	107	4.04e-46	149
FinalAssembly_bactGenome_correctedΩLimnothrix_sp_HT2024_chromosome_138	UniRef100_A0A1Y0RN04~K07390	69.2	107	33	0	1	107	1	107	4.64e-54	169
FinalAssembly_bactGenome_correctedΩLimnothrix_sp_HT2024_chromosome_1156	UniRef100_A0A1W5CLJ3~K01829	50.0	102	51	0	1	102	1	102	2.30e-35	122
FinalAssembly_bactGenome_correctedΩLimnothrix_sp_HT2024_chromosome_981	UniRef100_A0A142XZZ6~K11312	62.7	102	38	0	5	106	2	103	3.38e-45	147
FinalAssembly_bactGenome_correctedΩLimnothrix_sp_HT2024_chromosome_370	UniRef100_A0A0K1S4K1~K07075	61.4	101	39	0	6	106	1	101	6.63e-39	131
FinalAssembly_bactGenome_correctedΩLimnothrix_sp_HT2024_chromosome_128	UniRef100_A1RAE6~K04749	42.3	97	56	0	2	98	11	107	2.27e-17	77.0
FinalAssembly_bactGenome_correctedΩLimnothrix_sp_HT2024_chromosome_3212	UniRef100_U5DQ32~K02946	93.3	105	7	0	1	105	1	105	3.59e-66	200
FinalAssembly_bactGenome_correctedΩLimnothrix_sp_HT2024_chromosome_2670	UniRef100_K9Q1C0~K07075	77.2	101	23	0	5	105	11	111	7.39e-49	156
FinalAssembly_bactGenome_correctedΩLimnothrix_sp_HT2024_chromosome_2290	UniRef100_A0A090AMK8~K07480	65.0	103	36	0	1	103	1	103	7.19e-43	141
FinalAssembly_bactGenome_correctedΩLimnothrix_sp_HT2024_chromosome_2281	UniRef100_A0A090AMK8~K07480	65.0	103	36	0	1	103	1	103	7.19e-43	141
FinalAssembly_bactGenome_correctedΩLimnothrix_sp_HT2024_chromosome_1139	UniRef100_B8HSU2~K08481	93.2	103	7	0	1	103	1	103	3.73e-61	187
FinalAssembly_bactGenome_correctedΩLimnothrix_sp_HT2024_chromosome_2826	UniRef100_Q03511~K08696	53.9	102	47	0	1	102	1	102	1.97e-30	109
FinalAssembly_bactGenome_correctedΩLimnothrix_sp_HT2024_chromosome_1713	UniRef100_A0A1Y0RRX2~K07075	73.7	99	26	0	2	100	3	101	4.51e-48	154
FinalAssembly_bactGenome_correctedΩLimnothrix_sp_HT2024_chromosome_1584	UniRef100_I4HRY3~K21498	55.4	92	41	0	7	98	8	99	1.27e-31	112
FinalAssembly_bactGenome_correctedΩLimnothrix_sp_HT2024_chromosome_1558	UniRef100_P22880~K04078	91.2	102	9	0	1	102	1	102	2.65e-58	180
FinalAssembly_bactGenome_correctedΩLimnothrix_sp_HT2024_chromosome_1244	UniRef100_K9THR1~K08696	97.0	100	3	0	1	100	1	100	1.26e-58	181
FinalAssembly_bactGenome_correctedΩLimnothrix_sp_HT2024_chromosome_3458	UniRef100_K9S310~K05576	90.1	101	10	0	1	101	1	101	1.55e-56	175
FinalAssembly_bactGenome_correctedΩLimnothrix_sp_HT2024_chromosome_3107	UniRef100_K9QMS4~K02009	52.0	100	47	1	1	99	1	100	9.04e-28	102
FinalAssembly_bactGenome_correctedΩLimnothrix_sp_HT2024_chromosome_2811	UniRef100_G5JAQ8~K02954	80.0	100	20	0	1	100	1	100	6.35e-51	161
FinalAssembly_bactGenome_correctedΩLimnothrix_sp_HT2024_chromosome_2180	UniRef100_A0A0U5MW75~K03394	44.6	92	51	0	1	92	1	92	1.65e-18	79.3
FinalAssembly_bactGenome_correctedΩLimnothrix_sp_HT2024_chromosome_2105	UniRef100_K9WFK3~K01430	89.0	100	11	0	1	100	1	100	1.06e-58	181
FinalAssembly_bactGenome_correctedΩLimnothrix_sp_HT2024_chromosome_2852	UniRef100_K9WE75~K19032	84.7	98	15	0	1	98	1	98	2.07e-60	185
FinalAssembly_bactGenome_correctedΩLimnothrix_sp_HT2024_chromosome_1763	UniRef100_A0A0T7BUQ8~K02897	58.2	98	40	1	1	98	1	97	2.28e-34	119
FinalAssembly_bactGenome_correctedΩLimnothrix_sp_HT2024_chromosome_1872	UniRef100_B7K5M6~K05571	71.4	91	26	0	8	98	1	91	9.29e-44	142
FinalAssembly_bactGenome_correctedΩLimnothrix_sp_HT2024_chromosome_1839	UniRef100_A2CBT6~K04755	39.6	101	57	2	1	98	6	105	7.79e-13	65.5
FinalAssembly_bactGenome_correctedΩLimnothrix_sp_HT2024_chromosome_3356	UniRef100_B7G1H1~K14396	34.9	86	55	1	2	87	4	88	1.24e-11	61.6
FinalAssembly_bactGenome_correctedΩLimnothrix_sp_HT2024_chromosome_2267	UniRef100_P00243~K02639	85.6	97	14	0	1	97	1	97	2.86e-57	177
FinalAssembly_bactGenome_correctedΩLimnothrix_sp_HT2024_chromosome_1106	UniRef100_E1RHT7~K07075	44.2	86	48	0	9	94	12	97	6.98e-19	80.1
FinalAssembly_bactGenome_correctedΩLimnothrix_sp_HT2024_chromosome_3392	UniRef100_A0A0S3TK08~K02435	66.0	94	32	0	3	96	2	95	1.02e-36	125
FinalAssembly_bactGenome_correctedΩLimnothrix_sp_HT2024_chromosome_1787	UniRef100_K9W011~K02968	69.6	92	28	0	1	92	1	92	7.50e-35	120
FinalAssembly_bactGenome_correctedΩLimnothrix_sp_HT2024_chromosome_572	UniRef100_K9T480~K02221	66.3	95	32	0	1	95	1	95	4.72e-37	125
FinalAssembly_bactGenome_correctedΩLimnothrix_sp_HT2024_chromosome_101	UniRef100_I4HK00~K06891	82.1	95	17	0	1	95	1	95	2.29e-53	167
FinalAssembly_bactGenome_correctedΩLimnothrix_sp_HT2024_chromosome_2729	UniRef100_B1XIV8~K06995	70.5	88	26	0	7	94	9	96	7.86e-45	145
FinalAssembly_bactGenome_correctedΩLimnothrix_sp_HT2024_chromosome_3594	UniRef100_K9T0X5~K00324	76.1	92	22	0	1	92	1	92	9.76e-41	135
FinalAssembly_bactGenome_correctedΩLimnothrix_sp_HT2024_chromosome_3136	UniRef100_A0A110AVV0~K02965	90.2	92	9	0	1	92	1	92	5.50e-55	171
FinalAssembly_bactGenome_correctedΩLimnothrix_sp_HT2024_chromosome_3030	UniRef100_D5A587~K01724	67.4	89	29	0	3	91	4	92	4.80e-38	128
FinalAssembly_bactGenome_correctedΩLimnothrix_sp_HT2024_chromosome_3289	UniRef100_K9S7V5~K02698	77.2	79	18	0	13	91	13	91	3.06e-38	128
FinalAssembly_bactGenome_correctedΩLimnothrix_sp_HT2024_chromosome_1859	UniRef100_K9T920~K03636	80.2	91	18	0	1	91	1	91	2.17e-47	151
FinalAssembly_bactGenome_correctedΩLimnothrix_sp_HT2024_chromosome_405	UniRef100_I4GLV0~K03530	78.0	91	20	0	1	91	1	91	5.30e-43	140
FinalAssembly_bactGenome_correctedΩLimnothrix_sp_HT2024_chromosome_133	UniRef100_K9TIG5~K03530	86.8	91	12	0	1	91	1	91	5.49e-48	153
FinalAssembly_bactGenome_correctedΩLimnothrix_sp_HT2024_chromosome_20	UniRef100_K9XIR9~K02221	64.6	82	29	0	3	84	2	83	2.44e-33	116
FinalAssembly_bactGenome_correctedΩLimnothrix_sp_HT2024_chromosome_1741	UniRef100_K9TSS0~K02956	73.0	89	24	0	1	89	1	89	2.66e-38	128
FinalAssembly_bactGenome_correctedΩLimnothrix_sp_HT2024_chromosome_902	UniRef100_K9VPS8~K14518	59.6	89	36	0	1	89	1	89	7.81e-31	109
FinalAssembly_bactGenome_correctedΩLimnothrix_sp_HT2024_chromosome_482	UniRef100_K9Z2P1~K09780	84.3	89	14	0	1	89	1	89	1.09e-55	172
FinalAssembly_bactGenome_correctedΩLimnothrix_sp_HT2024_chromosome_2316	UniRef100_K9Q2Z9~K02698	67.8	87	28	0	2	88	1	87	3.15e-34	118
FinalAssembly_bactGenome_correctedΩLimnothrix_sp_HT2024_chromosome_697	UniRef100_K9S4F2~K02899	93.2	88	6	0	1	88	1	88	3.60e-54	168
FinalAssembly_bactGenome_correctedΩLimnothrix_sp_HT2024_chromosome_245	UniRef100_A0A0S3UAL3~K03676	86.0	86	12	0	1	86	1	86	1.03e-52	164
FinalAssembly_bactGenome_correctedΩLimnothrix_sp_HT2024_chromosome_732	UniRef100_K9TY84~K09777	77.9	86	19	0	1	86	1	86	1.24e-44	144
FinalAssembly_bactGenome_correctedΩLimnothrix_sp_HT2024_chromosome_2351	UniRef100_A0A068MZZ8~K02959	80.5	82	16	0	1	82	1	82	1.92e-40	133
FinalAssembly_bactGenome_correctedΩLimnothrix_sp_HT2024_chromosome_2248	UniRef100_A0A0P4URS7~K02287	72.0	75	21	0	1	75	1	75	1.40e-32	113
FinalAssembly_bactGenome_correctedΩLimnothrix_sp_HT2024_chromosome_1871	UniRef100_A0A140K1Q3~K05570	70.7	82	24	0	3	84	4	85	6.94e-32	112
FinalAssembly_bactGenome_correctedΩLimnothrix_sp_HT2024_chromosome_1648	UniRef100_G5IZ00~K01952	75.3	81	20	0	3	83	2	82	2.69e-37	125
FinalAssembly_bactGenome_correctedΩLimnothrix_sp_HT2024_chromosome_476	UniRef100_A0A1H5T8Z8~K19158	85.7	84	12	0	1	84	1	84	1.66e-50	159
FinalAssembly_bactGenome_correctedΩLimnothrix_sp_HT2024_chromosome_508	UniRef100_Q8KPP3~K02707	80.7	83	16	0	1	83	1	83	3.97e-44	142
FinalAssembly_bactGenome_correctedΩLimnothrix_sp_HT2024_chromosome_475	UniRef100_A0A1H5T930~K19159	78.3	83	18	0	1	83	1	83	1.82e-40	133
FinalAssembly_bactGenome_correctedΩLimnothrix_sp_HT2024_chromosome_139	UniRef100_A1K666~K05527	36.9	84	40	2	1	72	1	83	6.31e-08	51.6
FinalAssembly_bactGenome_correctedΩLimnothrix_sp_HT2024_chromosome_3141	UniRef100_K9TSC2~K02961	80.2	81	16	0	1	81	1	81	3.53e-40	133
FinalAssembly_bactGenome_correctedΩLimnothrix_sp_HT2024_chromosome_1197	UniRef100_K9S891~K02110	96.3	81	3	0	1	81	1	81	1.20e-42	139
FinalAssembly_bactGenome_correctedΩLimnothrix_sp_HT2024_chromosome_3395	UniRef100_F8J9J5~K04653	51.9	77	37	0	1	77	1	77	3.70e-23	90.1
FinalAssembly_bactGenome_correctedΩLimnothrix_sp_HT2024_chromosome_1586	UniRef100_K9VGP1~K02691	97.5	81	2	0	1	81	1	81	5.30e-39	129
FinalAssembly_bactGenome_correctedΩLimnothrix_sp_HT2024_chromosome_950	UniRef100_K9XBJ3~K03602	51.4	74	36	0	4	77	8	81	3.72e-19	79.7
FinalAssembly_bactGenome_correctedΩLimnothrix_sp_HT2024_chromosome_1588	UniRef100_A0A0S3P9Z8~K02078	86.3	73	10	0	2	74	3	75	3.93e-34	117
FinalAssembly_bactGenome_correctedΩLimnothrix_sp_HT2024_chromosome_3152	UniRef100_A0A0P4UWD4~K02518	94.8	77	4	0	1	77	1	77	1.69e-47	150
FinalAssembly_bactGenome_correctedΩLimnothrix_sp_HT2024_chromosome_332	UniRef100_Q8DG62~K02902	88.3	77	9	0	1	77	1	77	8.29e-46	146
FinalAssembly_bactGenome_correctedΩLimnothrix_sp_HT2024_chromosome_3629	UniRef100_K9S7C7~K03060	74.6	67	17	0	8	74	7	73	2.87e-27	99.8
FinalAssembly_bactGenome_correctedΩLimnothrix_sp_HT2024_chromosome_1609	UniRef100_A0A1W5CP94~K04758	62.9	70	26	0	1	70	1	70	1.14e-26	98.2
FinalAssembly_bactGenome_correctedΩLimnothrix_sp_HT2024_chromosome_1354	UniRef100_K9QYJ3~K03075	79.2	72	15	0	3	74	4	75	1.02e-34	118
FinalAssembly_bactGenome_correctedΩLimnothrix_sp_HT2024_chromosome_3140	UniRef100_K9XAP4~K02904	65.2	69	24	0	1	69	1	69	8.29e-20	80.9
FinalAssembly_bactGenome_correctedΩLimnothrix_sp_HT2024_chromosome_1518	UniRef100_Q092D9~K05375	78.9	71	15	0	1	71	1	71	2.71e-38	127
FinalAssembly_bactGenome_correctedΩLimnothrix_sp_HT2024_chromosome_3160	UniRef100_K9RCJ8~K02909	81.3	75	13	1	1	74	1	75	2.06e-43	140
FinalAssembly_bactGenome_correctedΩLimnothrix_sp_HT2024_chromosome_3047	UniRef100_A0A0K2LWQ3~K09131	69.0	71	22	0	2	72	1	71	4.27e-26	96.7
FinalAssembly_bactGenome_correctedΩLimnothrix_sp_HT2024_chromosome_2555	UniRef100_K9TGJ4~K05583	66.7	72	24	0	3	74	4	75	1.89e-25	95.1
FinalAssembly_bactGenome_correctedΩLimnothrix_sp_HT2024_chromosome_1465	UniRef100_K9TDN9~K03154	81.8	66	12	0	9	74	4	69	2.52e-33	114
FinalAssembly_bactGenome_correctedΩLimnothrix_sp_HT2024_chromosome_2037	UniRef100_K9U062~K03073	62.5	72	27	0	1	72	1	72	1.02e-21	85.5
FinalAssembly_bactGenome_correctedΩLimnothrix_sp_HT2024_chromosome_3655	UniRef100_B7KH07~K03666	67.6	68	22	0	4	71	3	70	7.68e-32	110
FinalAssembly_bactGenome_correctedΩLimnothrix_sp_HT2024_chromosome_3197	UniRef100_K9SE33~K02963	88.6	70	8	0	1	70	1	70	2.63e-39	129
FinalAssembly_bactGenome_correctedΩLimnothrix_sp_HT2024_chromosome_2719	UniRef100_K9QZ21~K02693	85.5	69	10	0	3	71	2	70	1.01e-36	123
FinalAssembly_bactGenome_correctedΩLimnothrix_sp_HT2024_chromosome_2477	UniRef100_W0GVV5~K03116	50.0	64	32	0	2	65	4	67	3.83e-14	66.2
FinalAssembly_bactGenome_correctedΩLimnothrix_sp_HT2024_chromosome_1188	UniRef100_G5J3F5~K02094	92.5	67	5	0	1	67	1	67	2.42e-40	132
FinalAssembly_bactGenome_correctedΩLimnothrix_sp_HT2024_chromosome_1348	UniRef100_K9U7D3~K02916	70.8	65	19	0	1	65	1	65	3.17e-24	91.3
FinalAssembly_bactGenome_correctedΩLimnothrix_sp_HT2024_chromosome_3198	UniRef100_K9RQI2~K02913	87.5	64	8	0	1	64	1	64	8.73e-35	117
FinalAssembly_bactGenome_correctedΩLimnothrix_sp_HT2024_chromosome_3015	UniRef100_K9WUP0~K07213	58.1	62	26	0	1	62	1	62	1.78e-16	71.6
FinalAssembly_bactGenome_correctedΩLimnothrix_sp_HT2024_chromosome_1114	UniRef100_K9TRS3~K02724	75.4	61	15	0	1	61	1	61	1.23e-22	87.0
FinalAssembly_bactGenome_correctedΩLimnothrix_sp_HT2024_chromosome_3278	UniRef100_A0A0S3TN56~K02970	89.7	58	6	0	1	58	1	58	5.38e-27	97.8
FinalAssembly_bactGenome_correctedΩLimnothrix_sp_HT2024_chromosome_2019	UniRef100_K9XBQ3~K02911	77.6	58	13	0	1	58	1	58	9.44e-23	87.0
FinalAssembly_bactGenome_correctedΩLimnothrix_sp_HT2024_chromosome_1301	UniRef100_Q0I8E4~K01772	47.8	46	24	0	9	54	2	47	3.57e-07	47.4
FinalAssembly_bactGenome_correctedΩLimnothrix_sp_HT2024_chromosome_742	UniRef100_B7KK77~K21904	69.8	53	15	1	1	52	1	53	2.93e-18	75.5
FinalAssembly_bactGenome_correctedΩLimnothrix_sp_HT2024_chromosome_2620	UniRef100_Q0I8E4~K01772	51.2	43	21	0	3	45	2	44	6.87e-08	48.9
FinalAssembly_bactGenome_correctedΩLimnothrix_sp_HT2024_chromosome_1916	UniRef100_Q0I750~K01772	67.4	46	15	0	1	46	5	50	4.50e-17	72.0
FinalAssembly_bactGenome_correctedΩLimnothrix_sp_HT2024_chromosome_1906	UniRef100_A0A1Z4RLY6~K02715	75.0	40	10	0	7	46	4	43	1.43e-14	65.5
FinalAssembly_bactGenome_correctedΩLimnothrix_sp_HT2024_chromosome_3420	UniRef100_B7JVQ3~K02712	88.9	45	5	0	1	45	1	45	5.32e-19	76.6
FinalAssembly_bactGenome_correctedΩLimnothrix_sp_HT2024_chromosome_832	UniRef100_A0A182AMG3~K02914	84.4	45	7	0	1	45	1	45	4.97e-15	66.6
FinalAssembly_bactGenome_correctedΩLimnothrix_sp_HT2024_chromosome_507	UniRef100_P09191~K02708	88.6	44	5	0	1	44	1	44	8.89e-22	83.6
FinalAssembly_bactGenome_correctedΩLimnothrix_sp_HT2024_chromosome_2362	UniRef100_K9SYM1~K02697	70.7	41	12	0	1	41	1	41	3.85e-15	66.6
FinalAssembly_bactGenome_correctedΩLimnothrix_sp_HT2024_chromosome_571	UniRef100_B1WR29~K02722	72.5	40	11	0	1	40	1	40	4.97e-13	61.2
FinalAssembly_bactGenome_correctedΩLimnothrix_sp_HT2024_chromosome_506	UniRef100_K9X3U5~K02713	87.2	39	5	0	1	39	1	39	1.74e-17	72.4
FinalAssembly_bactGenome_correctedΩLimnothrix_sp_HT2024_chromosome_2933	UniRef100_K9V705~K02710	81.6	38	7	0	1	38	1	38	6.45e-15	65.9
FinalAssembly_bactGenome_correctedΩLimnothrix_sp_HT2024_chromosome_1029	UniRef100_A0A0S3TT46~K02714	80.6	36	7	0	1	36	1	36	5.97e-13	60.8
FinalAssembly_bactGenome_correctedΩLimnothrix_sp_HT2024_chromosome_759	UniRef100_Q113E9~K02640	80.6	36	7	0	1	36	1	36	4.13e-13	61.2
FinalAssembly_bactGenome_correctedΩLimnothrix_sp_HT2024_chromosome_675	UniRef100_Q31LS7~K02723	74.3	35	9	0	1	35	1	35	7.26e-12	58.2
FinalAssembly_bactGenome_correctedΩLimnothrix_sp_HT2024_chromosome_3053	UniRef100_A0A110AVK6~K02696	87.9	33	4	0	1	33	1	33	1.70e-13	62.0
FinalAssembly_bactGenome_correctedΩLimnothrix_sp_HT2024_chromosome_922	UniRef100_B5VYF1~K02643	69.7	33	10	0	1	33	1	33	9.09e-09	50.1
FinalAssembly_bactGenome_correctedΩLimnothrix_sp_HT2024_chromosome_154	UniRef100_K9S7I0~K02642	64.5	31	11	0	1	31	1	31	1.06e-06	44.7
FinalAssembly_bactGenome_correctedΩLimnothrix_sp_HT2024_chromosome_3512	UniRef100_K9VC21~K02700	93.1	29	2	0	2	30	3	31	1.54e-10	54.3
FinalAssembly_bactGenome_correctedΩLimnothrix_sp_HT2024_chromosome_767	UniRef100_D4ZXL9~K03689	86.2	29	4	0	1	29	1	29	4.27e-12	58.2
